STAAD SPACE 161385 FUNDADORES
* VERSION 1.6
START JOB INFORMATION
ENGINEER DATE 08-Jun-Monday
ENGINEER NAME JUAN LUMBRERAS
JOB NAME RDS - 12861818
END JOB INFORMATION
*//////////////////////////////////////////////////////////////
****** ZAPATA TRIANGULAR DE 8.73 m *****
*//////////////////////////////////////////////////////////////
INPUT WIDTH 79
UNIT METER KG
JOINT COORDINATES
1 -2.70677 0 1.76175; 2 -2.58206 0 1.68975; 3 -2.45735 0 1.61775;
4 -2.33265 0 1.54575; 5 -2.20794 0 1.47375; 6 -2.08323 0 1.40175;
7 -2.15523 0 1.27704; 8 -2.22723 0 1.15233; 9 -2.29923 0 1.02762;
10 -2.37123 0 0.90292; 11 -2.44323 0 0.77821; 12 -2.56794 0 0.85021;
13 -2.69265 0 0.92221; 14 -2.81735 0 0.99421; 15 -2.94206 0 1.06621;
16 -3.06677 0 1.13821; 17 -2.99477 0 1.26292; 18 -2.92277 0 1.38762;
19 -2.85077 0 1.51233; 20 -2.77877 0 1.63704; 21 2.08323 0 1.40175;
22 2.20794 0 1.47375; 23 2.33265 0 1.54575; 24 2.45735 0 1.61775;
25 2.58206 0 1.68975; 26 2.70677 0 1.76175; 27 2.77877 0 1.63704;
28 2.85077 0 1.51233; 29 2.92277 0 1.38762; 30 2.99477 0 1.26292;
31 3.06677 0 1.13821; 32 2.94206 0 1.06621; 33 2.81735 0 0.99421;
34 2.69265 0 0.92221; 35 2.56794 0 0.85021; 36 2.44323 0 0.77821;
37 2.37123 0 0.90292; 38 2.29923 0 1.02762; 39 2.22723 0 1.15233;
40 2.15523 0 1.27704; 41 -0.36 0 -2.83005; 42 -0.216 0 -2.83005;
43 -0.072 0 -2.83005; 44 0.072 0 -2.83005; 45 0.216 0 -2.83005;
46 0.36 0 -2.83005; 47 0.36 0 -2.97405; 48 0.36 0 -3.11805; 49 0.36 0 -3.26205;
50 0.36 0 -3.40605; 51 0.36 0 -3.55005; 52 0.216 0 -3.55005;
53 0.072 0 -3.55005; 54 -0.072 0 -3.55005; 55 -0.216 0 -3.55005;
56 -0.36 0 -3.55005; 57 -0.36 0 -3.40605; 58 -0.36 0 -3.26205;
59 -0.36 0 -3.11805; 60 -0.36 0 -2.97405; 61 -4.365 0 3.75; 62 4.365 0 3.75;
63 4.365 0 -3.75; 64 -4.365 0 -3.75; 65 -4.16659 0 3.75; 66 -3.96818 0 3.75;
67 -3.76977 0 3.75; 68 -3.57136 0 3.75; 69 -3.37295 0 3.75; 70 -3.17455 0 3.75;
71 -2.97614 0 3.75; 72 -2.77773 0 3.75; 73 -2.57932 0 3.75; 74 -2.38091 0 3.75;
75 -2.1825 0 3.75; 76 -1.98409 0 3.75; 77 -1.78568 0 3.75; 78 -1.58727 0 3.75;
79 -1.38886 0 3.75; 80 -1.19045 0 3.75; 81 -0.992045 0 3.75;
82 -0.793636 0 3.75; 83 -0.595227 0 3.75; 84 -0.396818 0 3.75;
85 -0.198409 0 3.75; 86 0 0 3.75; 87 0.198409 0 3.75; 88 0.396818 0 3.75;
89 0.595227 0 3.75; 90 0.793636 0 3.75; 91 0.992045 0 3.75; 92 1.19045 0 3.75;
93 1.38886 0 3.75; 94 1.58727 0 3.75; 95 1.78568 0 3.75; 96 1.98409 0 3.75;
97 2.1825 0 3.75; 98 2.38091 0 3.75; 99 2.57932 0 3.75; 100 2.77773 0 3.75;
101 2.97614 0 3.75; 102 3.17455 0 3.75; 103 3.37295 0 3.75; 104 3.57136 0 3.75;
105 3.76977 0 3.75; 106 3.96818 0 3.75; 107 4.16659 0 3.75;
108 4.365 0 3.55263; 109 4.365 0 3.35526; 110 4.365 0 3.15789;
111 4.365 0 2.96053; 112 4.365 0 2.76316; 113 4.365 0 2.56579;
114 4.365 0 2.36842; 115 4.365 0 2.17105; 116 4.365 0 1.97368;
117 4.365 0 1.77632; 118 4.365 0 1.57895; 119 4.365 0 1.38158;
120 4.365 0 1.18421; 121 4.365 0 0.986842; 122 4.365 0 0.789474;
123 4.365 0 0.592105; 124 4.365 0 0.394737; 125 4.365 0 0.197369;
126 4.365 0 0; 127 4.365 0 -0.197369; 128 4.365 0 -0.394737;
129 4.365 0 -0.592105; 130 4.365 0 -0.789474; 131 4.365 0 -0.986842;
132 4.365 0 -1.18421; 133 4.365 0 -1.38158; 134 4.365 0 -1.57895;
135 4.365 0 -1.77632; 136 4.365 0 -1.97368; 137 4.365 0 -2.17105;
138 4.365 0 -2.36842; 139 4.365 0 -2.56579; 140 4.365 0 -2.76316;
141 4.365 0 -2.96053; 142 4.365 0 -3.15789; 143 4.365 0 -3.35526;
144 4.365 0 -3.55263; 145 4.16659 0 -3.75; 146 3.96818 0 -3.75;
147 3.76977 0 -3.75; 148 3.57136 0 -3.75; 149 3.37295 0 -3.75;
150 3.17455 0 -3.75; 151 2.97614 0 -3.75; 152 2.77773 0 -3.75;
153 2.57932 0 -3.75; 154 2.38091 0 -3.75; 155 2.1825 0 -3.75;
156 1.98409 0 -3.75; 157 1.78568 0 -3.75; 158 1.58727 0 -3.75;
159 1.38886 0 -3.75; 160 1.19045 0 -3.75; 161 0.992045 0 -3.75;
162 0.793636 0 -3.75; 163 0.595227 0 -3.75; 164 0.396818 0 -3.75;
165 0.198409 0 -3.75; 166 0 0 -3.75; 167 -0.198409 0 -3.75;
168 -0.396818 0 -3.75; 169 -0.595227 0 -3.75; 170 -0.793636 0 -3.75;
171 -0.992045 0 -3.75; 172 -1.19045 0 -3.75; 173 -1.38886 0 -3.75;
174 -1.58727 0 -3.75; 175 -1.78568 0 -3.75; 176 -1.98409 0 -3.75;
177 -2.1825 0 -3.75; 178 -2.38091 0 -3.75; 179 -2.57932 0 -3.75;
180 -2.77773 0 -3.75; 181 -2.97614 0 -3.75; 182 -3.17455 0 -3.75;
183 -3.37295 0 -3.75; 184 -3.57136 0 -3.75; 185 -3.76977 0 -3.75;
186 -3.96818 0 -3.75; 187 -4.16659 0 -3.75; 188 -4.365 0 -3.55263;
189 -4.365 0 -3.35526; 190 -4.365 0 -3.15789; 191 -4.365 0 -2.96053;
192 -4.365 0 -2.76316; 193 -4.365 0 -2.56579; 194 -4.365 0 -2.36842;
195 -4.365 0 -2.17105; 196 -4.365 0 -1.97368; 197 -4.365 0 -1.77632;
198 -4.365 0 -1.57895; 199 -4.365 0 -1.38158; 200 -4.365 0 -1.18421;
201 -4.365 0 -0.986842; 202 -4.365 0 -0.789474; 203 -4.365 0 -0.592105;
204 -4.365 0 -0.394737; 205 -4.365 0 -0.197369; 206 -4.365 0 0;
207 -4.365 0 0.197369; 208 -4.365 0 0.394737; 209 -4.365 0 0.592105;
210 -4.365 0 0.789474; 211 -4.365 0 0.986842; 212 -4.365 0 1.18421;
213 -4.365 0 1.38158; 214 -4.365 0 1.57895; 215 -4.365 0 1.77632;
216 -4.365 0 1.97368; 217 -4.365 0 2.17105; 218 -4.365 0 2.36842;
219 -4.365 0 2.56579; 220 -4.365 0 2.76316; 221 -4.365 0 2.96053;
222 -4.365 0 3.15789; 223 -4.365 0 3.35526; 224 -4.365 0 3.55263;
225 -2.64441 0 1.72575; 226 -2.51971 0 1.65375; 227 -2.395 0 1.58175;
228 -2.2703 0 1.50975; 229 -2.14558 0 1.43775; 230 -2.11923 0 1.33939;
231 -2.19123 0 1.21469; 232 -2.26323 0 1.08997; 233 -2.33523 0 0.96527;
234 -2.40723 0 0.840565; 235 -2.50559 0 0.81421; 236 -2.6303 0 0.88621;
237 -2.755 0 0.95821; 238 -2.87971 0 1.03021; 239 -3.00441 0 1.10221;
240 -3.03077 0 1.20056; 241 -2.95877 0 1.32527; 242 -2.88677 0 1.44998;
243 -2.81477 0 1.57468; 244 -2.74277 0 1.6994; 245 2.14559 0 1.43775;
246 2.2703 0 1.50975; 247 2.395 0 1.58175; 248 2.51971 0 1.65375;
249 2.64442 0 1.72575; 250 2.74277 0 1.6994; 251 2.81477 0 1.57468;
252 2.88677 0 1.44998; 253 2.95877 0 1.32527; 254 3.03077 0 1.20056;
255 3.00442 0 1.10221; 256 2.8797 0 1.03021; 257 2.755 0 0.95821;
258 2.6303 0 0.88621; 259 2.50559 0 0.81421; 260 2.40723 0 0.840565;
261 2.33523 0 0.96527; 262 2.26323 0 1.08997; 263 2.19123 0 1.21469;
264 2.11923 0 1.33939; 265 -0.288 0 -2.83005; 266 -0.144 0 -2.83005;
267 0 0 -2.83005; 268 0.144 0 -2.83005; 269 0.288 0 -2.83005;
270 0.36 0 -2.90205; 271 0.36 0 -3.04605; 272 0.36 0 -3.19005;
273 0.36 0 -3.33405; 274 0.36 0 -3.47805; 275 0.288 0 -3.55005;
276 0.144 0 -3.55005; 277 0 0 -3.55005; 278 -0.144 0 -3.55005;
279 -0.288 0 -3.55005; 280 -0.36 0 -3.47805; 281 -0.36 0 -3.33405;
282 -0.36 0 -3.19005; 283 -0.36 0 -3.04605; 284 -0.36 0 -2.90205;
285 3.96909 0 -3.35435; 286 3.97026 0 -2.96053; 287 3.57136 0 -3.35318;
288 3.97026 0 -2.56579; 289 3.17455 0 -3.35318; 290 3.97026 0 -2.17105;
291 2.77773 0 -3.35318; 292 3.97026 0 -1.77632; 293 2.38091 0 -3.35318;
294 3.97026 0 -1.38158; 295 1.98409 0 -3.35318; 296 3.95881 0 -0.973969;
297 1.58727 0 -3.35318; 298 3.95312 0 -0.568318; 299 1.19045 0 -3.35318;
300 3.97026 0 -0.197369; 301 0.701029 0 -3.34813; 302 3.97026 0 0.197369;
303 3.98689 0 0.604847; 304 3.95067 0 0.998112; 305 3.90703 0 1.35576;
306 -0.642128 0 -3.29308; 307 3.87134 0 1.71634; 308 -1.16954 0 -3.33976;
309 3.9232 0 2.11668; 310 -1.58727 0 -3.35318; 311 3.95056 0 2.54032;
312 -1.98409 0 -3.35318; 313 3.97026 0 2.96053; 314 -2.38091 0 -3.35318;
315 3.96909 0 3.35435; 316 -2.77773 0 -3.35318; 317 -3.17455 0 -3.35318;
318 -3.57136 0 -3.35318; 319 3.57136 0 3.35318; 320 -3.96909 0 -3.35435;
321 3.17455 0 3.35318; 322 2.77773 0 3.35318; 323 2.38091 0 3.35318;
324 -3.97026 0 -2.96053; 325 1.98409 0 3.35318; 326 -3.97026 0 -2.56579;
327 1.58727 0 3.35318; 328 -3.97026 0 -2.17105; 329 1.19045 0 3.35318;
330 -3.97026 0 -1.77632; 331 0.793636 0 3.35318; 332 -3.97026 0 -1.38158;
333 0.396818 0 3.35318; 334 -3.97026 0 -0.986842; 335 0 0 3.35318;
336 -3.97026 0 -0.592105; 337 -0.396818 0 3.35318; 338 -3.97026 0 -0.197369;
339 -0.793636 0 3.35318; 340 -3.97026 0 0.197369; 341 -1.19045 0 3.35318;
342 -3.97467 0 0.58939; 343 -1.58727 0 3.35318; 344 -3.94015 0 0.986959;
345 -2.00295 0 3.33417; 346 -3.92798 0 1.34301; 347 -2.40491 0 3.31242;
348 -3.95281 0 1.72338; 349 -2.77773 0 3.35318; 350 -3.94181 0 2.1356;
351 -3.17455 0 3.35318; 352 -3.97026 0 2.56579; 353 -3.57136 0 3.35318;
354 -3.97026 0 2.96053; 355 -3.96909 0 3.35435; 356 -2.20735 0 0.677623;
357 -2.01686 0 0.918833; 358 -2.60441 0 1.23763; 359 -2.79348 0 0.503093;
360 -2.56352 0 0.390366; 361 -1.76178 0 1.1756; 362 -3.21892 0 0.802057;
363 -1.79172 0 1.72482; 364 -2.33984 0 1.90326; 365 -3.21086 0 1.6494;
366 -3.41958 0 1.32541; 367 -2.96305 0 2.07563; 368 3.42464 0 1.29728;
369 2.56919 0 1.27684; 370 3.03591 0 0.617262; 371 3.22308 0 0.835259;
372 3.05598 0 1.90806; 373 2.63255 0 0.47589; 374 2.59896 0 2.14837;
375 2.21738 0 1.94414; 376 2.04403 0 0.951938; 377 2.10293 0 0.614011;
378 1.82349 0 1.73512; 379 1.78705 0 1.16502; 380 -0.00555936 0 -3.19067;
381 0.652691 0 -2.99356; 382 0.371499 0 -2.44099; 383 0.0259213 0 -2.53104;
384 -0.296269 0 -2.45805; 385 -0.742399 0 -2.93253; 386 3.57337 0 -2.95852;
387 3.57499 0 -2.56579; 388 3.17455 0 -2.9569; 389 3.57507 0 -2.17105;
390 2.77773 0 -2.95663; 391 3.575 0 -1.77632; 392 2.38091 0 -2.95624;
393 3.57477 0 -1.38158; 394 1.98409 0 -2.95589; 395 3.54848 0 -0.949016;
396 1.58727 0 -2.95547; 397 3.52791 0 -0.514524; 398 1.16905 0 -2.9567;
399 3.56449 0 -0.129183; 400 3.6124 0 0.223399; 401 3.6452 0 0.592198;
402 3.50419 0 0.996673; 403 -1.16901 0 -2.93448; 404 3.476 0 2.10656;
405 -1.58727 0 -2.95547; 406 3.56253 0 2.53855; 407 -1.98409 0 -2.95589;
408 3.57614 0 2.95239; 409 -2.38091 0 -2.95624; 410 -2.77773 0 -2.95663;
411 -3.17455 0 -2.9569; 412 -3.57337 0 -2.95852; 413 3.18818 0 2.96014;
414 2.77275 0 2.95328; 415 2.37587 0 2.92975; 416 1.99189 0 2.96153;
417 -3.57499 0 -2.56579; 418 1.58727 0 2.95581; 419 -3.57507 0 -2.17105;
420 1.20231 0 2.94966; 421 -3.575 0 -1.77632; 422 0.793636 0 2.95583;
423 -3.57477 0 -1.38158; 424 0.396818 0 2.95583; 425 -3.57454 0 -0.986842;
426 0 0 2.95583; 427 -3.57445 0 -0.592105; 428 -0.396818 0 2.95583;
429 -3.57438 0 -0.197369; 430 -0.793636 0 2.95583; 431 -3.54924 0 0.185947;
432 -1.20241 0 2.95133; 433 -3.59474 0 0.57095; 434 -1.62895 0 2.94851;
435 -3.49682 0 0.993784; 436 -2.02821 0 2.90999; 437 -2.43926 0 2.82169;
438 -3.56228 0 1.67532; 439 -2.78565 0 2.88206; 440 -3.49144 0 2.09293;
441 -3.16445 0 2.94604; 442 -3.56174 0 2.5354; 443 -3.5733 0 2.95841;
444 -2.29325 0 0.238237; 445 -1.59624 0 1.51557; 446 2.84107 0 2.2441;
447 0.697038 0 -2.54458; 448 -0.619253 0 -2.57671; 449 -1.79503 0 0.370438;
450 -1.60593 0 0.672198; 451 -1.40745 0 0.992331; 452 -3.09521 0 0.227484;
453 -2.74362 0 0.0837086; 454 -2.00408 0 2.24697; 455 -2.47588 0 2.24483;
456 3.25458 0 0.311118; 457 2.84828 0 0.424554; 458 2.40408 0 2.50219;
459 2.00528 0 2.23905; 460 1.72726 0 2.15024; 461 1.60917 0 0.681309;
462 1.78396 0 0.364016; 463 1.39464 0 1.00114; 464 0.416268 0 -2.04011;
465 0.03562 0 -2.04878; 466 -0.343321 0 -2.0401; 467 -3.2065 0 2.23944;
468 -2.82544 0 2.42803; 469 2.25053 0 0.208834; 470 1.66318 0 1.4933;
471 1.15905 0 -2.55753; 472 -1.12441 0 -2.55326; 473 3.17741 0 -2.56287;
474 3.17938 0 -2.17105; 475 2.77806 0 -2.56012; 476 3.17912 0 -1.77647;
477 2.38128 0 -2.5593; 478 3.17859 0 -1.38181; 479 1.98448 0 -2.55844;
480 3.14055 0 -0.917241; 481 1.58769 0 -2.55746; 482 3.05367 0 -0.390054;
483 3.15309 0 0.00501366; 484 -1.58769 0 -2.55739; 485 3.21226 0 2.57323;
486 -1.98448 0 -2.55842; 487 -2.38128 0 -2.5593; 488 -2.77806 0 -2.56012;
489 -3.17741 0 -2.56287; 490 2.78132 0 2.5808; 491 1.99981 0 2.58208;
492 1.63609 0 2.55196; 493 -3.17938 0 -2.17105; 494 1.27785 0 2.51528;
495 -3.17912 0 -1.77647; 496 0.845092 0 2.52272; 497 -3.17859 0 -1.38181;
498 0.42478 0 2.53079; 499 -3.16879 0 -0.980422; 500 0 0 2.55798;
501 -3.15559 0 -0.588128; 502 -0.396818 0 2.55797; 503 -3.20071 0 -0.203988;
504 -0.830151 0 2.52849; 505 -1.26977 0 2.52484; 506 -1.67255 0 2.54865;
507 -2.05075 0 2.49874; 508 -3.18434 0 2.55234; 509 -1.25103 0 0.46329;
510 1.25683 0 0.455602; 511 0.0366285 0 -1.64012; 512 -1.96642 0 0.0351293;
513 -2.47001 0 -0.134715; 514 -1.22652 0 1.35269; 515 -1.3396 0 1.77381;
516 2.49834 0 -0.179448; 517 1.98128 0 -0.0023456; 518 1.18903 0 1.34487;
519 0.782527 0 -2.10762; 520 -0.72072 0 -2.11214; 521 -1.44434 0 0.128494;
522 -1.05766 0 0.798217; 523 1.45385 0 0.114197; 524 1.03644 0 0.833572;
525 0.423218 0 -1.64013; 526 -0.350108 0 -1.64011; 527 1.17311 0 -2.15663;
528 -1.16399 0 -2.13603; 529 -2.89221 0 -0.213388; 530 1.4332 0 2.04553;
531 1.58137 0 -2.15931; 532 -1.59416 0 -2.15922; 533 2.78149 0 -2.16687;
534 2.78264 0 -1.77686; 535 2.38211 0 -2.16216; 536 2.7789 0 -1.37446;
537 1.9854 0 -2.16072; 538 2.76525 0 -0.965401; 539 2.74937 0 -0.573862;
540 -1.98543 0 -2.16067; 541 -2.38213 0 -2.16214; 542 -2.78149 0 -2.16687;
543 -2.78262 0 -1.77686; 544 0.914255 0 2.09312; 545 -2.78175 0 -1.38235;
546 0.468152 0 2.08439; 547 -2.76404 0 -0.965557; 548 0.0317791 0 2.13293;
549 -2.71826 0 -0.516143; 550 -0.396801 0 2.15967; 551 -0.835344 0 2.09721;
552 -1.40885 0 2.06855; 553 -0.904621 0 0.263296; 554 0.910379 0 0.255678;
555 0.0366211 0 -1.24012; 556 3.17792 0 2.21223; 557 -2.14682 0 -0.291651;
558 -1.01979 0 1.71362; 559 -1.62523 0 -0.189973; 560 -0.898747 0 1.15328;
561 1.68062 0 -0.237972; 562 0.83091 0 -1.68249; 563 -0.769113 0 -1.70722;
564 2.23342 0 -0.358642; 565 0.933611 0 1.71053; 566 -0.70981 0 0.600709;
567 -1.0994 0 -0.0740398; 568 1.11636 0 -0.101284; 569 0.710567 0 0.607964;
570 0.45404 0 -1.23095; 571 -0.354622 0 -1.2538; 572 1.35251 0 1.78163;
573 1.21505 0 -1.7435; 574 -1.20734 0 -1.75351; 575 1.60065 0 -1.78194;
576 -1.59401 0 -1.76068; 577 -2.37125 0 -0.583985; 578 1.98682 0 -1.76272;
579 -1.98691 0 -1.76262; 580 2.38537 0 -1.77072; 581 2.36146 0 -1.35591;
582 2.30048 0 -0.914405; 583 -2.38534 0 -1.77071; 584 -2.38424 0 -1.38326;
585 0.495351 0 1.59238; 586 -2.3927 0 -0.987778; 587 0.0348138 0 1.71903;
588 -0.319364 0 1.77332; 589 -0.559527 0 0.109003; 590 0.58478 0 0.0636834;
591 0.0453345 0 -0.864457; 592 -1.82182 0 -0.482282; 593 -0.753474 0 1.48588;
594 2.42903 0 -0.625843; 595 2.00938 0 -0.59277; 596 -1.31001 0 -0.410999;
597 -0.539725 0 0.985528; 598 1.34403 0 -0.446867; 599 0.537109 0 0.959101;
600 0.867031 0 -1.24082; 601 -0.774491 0 -1.31847; 602 -0.741939 0 -0.222353;
603 -0.353586 0 0.455471; 604 0.770298 0 -0.317403; 605 0.403582 0 0.360147;
606 0.474236 0 -0.820667; 607 -0.352686 0 -0.850842; 608 1.24663 0 -1.34235;
609 -1.20686 0 -1.34255; 610 1.6237 0 -1.42291; 611 -1.58672 0 -1.32203;
612 1.99131 0 -1.37616; 613 -1.989 0 -1.37378; 614 -2.00186 0 -0.987704;
615 1.93732 0 -0.992627; 616 -0.0772532 0 1.30287; 617 -0.246109 0 -0.0553246;
618 0.266639 0 -0.0590853; 619 0.0176521 0 -0.526108; 620 -1.56871 0 -0.832387;
621 -0.407813 0 1.38199; 622 1.66906 0 -0.734154; 623 0.251646 0 1.19247;
624 -0.233416 0 0.866395; 625 -0.963413 0 -0.517571; 626 0.960737 0 -0.758373;
627 0.0587504 0 0.762364; 628 -0.735831 0 -0.946733; 629 -0.381589 0 -0.458074;
630 0.0234602 0 0.29641; 631 0.393374 0 -0.437767; 632 1.35374 0 -0.970889;
633 -1.1311 0 -0.91384; 634 1.63897 0 -1.13835; 635 -0.176439 0 -3.01664;
636 0.171586 0 -3.36434; 637 2.33452 0 1.33699; 638 -2.55418 0 1.0165;
639 -2.66252 0 1.56725; 640 0.226166 0 -2.96381; 641 -2.82859 0 1.19077;
642 2.49208 0 0.961011; 643 -3.12172 0 1.8659; 644 2.53083 0 1.11044;
645 0.116606 0 -3.07253; 646 -2.62211 0 1.41185; 647 3.21305 0 1.76689;
648 -3.00697 0 0.783848; 649 -3.23451 0 0.534126; 650 -2.93569 0 0.645451;
651 0.786041 0 1.23223; 652 -2.06737 0 -0.685616; 653 -1.75686 0 2.18812;
654 -2.03177 0 1.86209; 655 3.37399 0 0.575272; 656 2.70859 0 0.0291483;
657 2.46355 0 0.343479; 658 -0.632884 0 1.78463; 659 0.0138232 0 -0.210561;
660 2.02229 0 1.85179; 661 -0.70573 0 -0.643485; 662 0.318823 0 0.698163;
663 -3.21471 0 1.45442; 664 2.88762 0 1.96998; 665 3.37822 0 1.57442;
666 2.41261 0 2.02444; 667 2.26514 0 2.25207; 668 -4.16769 0 -1.77632;
669 -4.16768 0 -2.17105; 670 -3.97026 0 -1.97369; 671 2.16904 0 0.954003;
672 2.09331 0 1.07398; 673 0.309168 0 -3.65902; 674 0.0318233 0 -3.6668;
675 0.198408 0 2.95583; 676 0.396818 0 3.15457; 677 0.198409 0 3.35318;
678 0 0 3.15457; 679 3.97026 0 -3.25562e-05; 680 4.16777 0 -0.197369;
681 4.1678 0 0.197369; 682 -2.25817 0 0.796679; 683 -2.34896 0 0.674611;
684 3.96169 0 -0.382843; 685 3.76738 0 -0.164771; 686 3.54017 0 -0.316345;
687 3.74102 0 -0.543191; 688 2.12079 0 1.89778; 689 2.17796 0 1.70297;
690 2.33763 0 1.78169; 691 2.27295 0 1.40513; 692 2.45357 0 1.30667;
693 2.46305 0 1.41602; 694 2.97617 0 3.35318; 695 3.17455 0 3.55164;
696 2.77773 0 3.55167; 697 1.62951 0 1.88523; 698 1.92343 0 1.79761;
699 1.86762 0 2.00274; 700 1.57891 0 2.09784; 701 -3.40832 0 0.54561;
702 -3.24357 0 0.669404; 703 -3.3479 0 0.88329; 704 -3.56141 0 0.774034;
705 4.16773 0 -1.38158; 706 3.97026 0 -1.57898; 707 4.16769 0 -1.77632;
708 0.595227 0 3.35318; 709 0.793636 0 3.55166; 710 0.396818 0 3.55166;
711 -0.53235 0 -3.39947; 712 -0.540987 0 -3.28014; 713 -0.18278 0 -3.15436;
714 -2.34443 0 1.33297; 715 -2.43326 0 1.15715; 716 2.24659 0 1.30677;
717 2.39821 0 1.21458; 718 -2.0644 0 0.762828; 719 -2.16178 0 0.930197;
720 -2.08437 0 1.0576; 721 -1.86534 0 1.03156; 722 -1.95348 0 1.21816;
723 0 0 3.55166; 724 -0.257238 0 -2.63816; 725 -0.460209 0 -2.51058;
726 -0.479396 0 -2.71231; 727 4.16718 0 -3.35481; 728 3.96864 0 -3.55205;
729 2.77773 0 -3.15494; 730 2.57934 0 -2.95644; 731 2.38091 0 -3.15468;
732 2.5794 0 -3.35318; 733 -1.53375 0 -0.0318601; 734 -1.46296 0 -0.304391;
735 -1.20097 0 -0.241548; 736 -1.27187 0 0.0272267; 737 1.58238 0 1.07978;
738 1.50181 0 0.835971; 739 1.81391 0 0.807347; 740 1.88356 0 1.04314;
741 0.0901943 0 -2.95587; 742 0.170288 0 -3.01961; 743 0.217613 0 -2.90045;
744 0.081839 0 -3.2763; 745 0.264619 0 -3.38399; 746 0.17722 0 -3.22636;
747 -2.71602 0 1.21444; 748 -2.88484 0 1.12873; 749 -2.71088 0 1.11592;
750 2.9736 0 1.94232; 751 2.8069 0 1.89071; 752 2.92125 0 1.76743;
753 -3.97026 0 -3.25562e-05; 754 -4.1678 0 0.197369; 755 -4.16777 0 -0.197369;
756 -3.38766 0 -0.200676; 757 -3.1532 0 0.00786194; 758 -3.32132 0 0.207303;
759 -3.56181 0 -0.00572641; 760 -2.57978 0 1.12798; 761 -2.4648 0 0.974332;
762 -0.793636 0 3.15457; 763 -0.59522 0 2.95583; 764 -0.396818 0 3.15456;
765 -0.595227 0 3.35318; 766 4.16772 0 -2.96053; 767 4.1677 0 -2.56579;
768 3.97026 0 -2.76314; 769 -1.58727 0 -3.55171; 770 -1.78575 0 -3.35318;
771 -1.98409 0 -3.55163; 772 0.234194 0 -3.09987; 773 0.289613 0 -2.97245;
774 -3.77266 0 -2.56579; 775 -3.97026 0 -2.76314; 776 -3.77186 0 -2.95952;
777 -3.57418 0 -2.76213; 778 3.17455 0 -3.55153; 779 2.97615 0 -3.35318;
780 2.77773 0 -3.55154; 781 -0.271433 0 -3.4613; 782 -0.216523 0 -3.66445;
783 -0.331392 0 -3.64048; 784 2.33286 0 -1.13832; 785 2.57026 0 -1.36519;
786 2.76716 0 -1.1632; 787 2.53722 0 -0.945842; 788 1.98409 0 -3.55163;
789 1.78575 0 -3.35318; 790 1.58727 0 -3.55171; 791 -1.69022 0 1.61939;
792 -1.47306 0 1.6397; 793 -1.37106 0 1.92627; 794 -1.5881 0 1.90602;
795 -1.9926 0 3.5435; 796 -1.79419 0 3.34501; 797 -1.58727 0 3.55166;
798 -0.182357 0 -3.35402; 799 3.37398 0 -2.95771; 800 3.17455 0 -3.155;
801 3.37298 0 -3.35318; 802 3.57237 0 -3.15581; 803 -0.58029 0 -3.65104;
804 1.15938 0 -2.76164; 805 0.931336 0 -2.55305; 806 0.716882 0 -2.79104;
807 0.927714 0 -2.96829; 808 4.15836 0 2.55334; 809 3.9381 0 2.32943;
810 4.14505 0 2.14452; 811 2.38091 0 -3.55163; 812 1.38892 0 -3.35318;
813 1.19045 0 -3.55176; 814 3.96968 0 3.1574; 815 4.16772 0 2.96053;
816 4.16718 0 3.35481; 817 -0.057802 0 -2.65893; 818 0.0952242 0 -2.66196;
819 -0.323822 0 -2.24234; 820 -0.139631 0 -2.4617; 821 0.0300633 0 -2.27217;
822 -0.149449 0 -2.04199; 823 -2.20433 0 1.36922; 824 2.13888 0 2.24867;
825 2.10259 0 2.08773; 826 2.31586 0 1.98641; 827 2.33942 0 2.13971;
828 1.19045 0 3.55166; 829 1.38886 0 3.35318; 830 1.58727 0 3.55166;
831 2.38091 0 3.55167; 832 1.98409 0 3.55166; 833 2.18249 0 3.35318;
834 -2.9112 0 1.22708; 835 -2.76359 0 1.31262; 836 -2.94859 0 1.75145;
837 -2.82374 0 1.9401; 838 -3.04735 0 1.9665; 839 2.5718 0 0.183064;
840 2.78629 0 0.201566; 841 2.74062 0 0.444731; 842 2.5525 0 0.399424;
843 2.94323 0 0.515094; 844 2.92554 0 0.798768; 845 2.77319 0 0.683231;
846 -2.5227 0 1.4931; 847 -2.58979 0 1.32193; 848 -0.089854 0 -3.105;
849 -0.267075 0 -2.99669; 850 -0.956552 0 -2.92742; 851 -0.691486 0 -2.7567;
852 -0.874966 0 -2.56156; 853 -1.14377 0 -2.74125; 854 -1.18061 0 -3.54276;
855 -1.38892 0 -3.35318; 856 3.95596 0 -0.771148; 857 3.53744 0 -0.732134;
858 3.75411 0 -0.962144; 859 0.0576357 0 -3.12987; 860 -0.0387799 0 -3.01036;
861 -2.72042 0 1.59642; 862 -2.61943 0 1.6187; 863 -0.541155 0 -3.15665;
864 -0.552024 0 -2.94719; 865 -0.742268 0 -3.11575; 866 0.0199105 0 -3.36935;
867 -0.195075 0 -2.92469; 868 -2.77773 0 -3.55154; 869 -2.38091 0 -3.55163;
870 -2.57941 0 -3.35318; 871 -3.06943 0 1.41518; 872 -3.32135 0 1.39293;
873 -3.20327 0 1.27995; 874 0.566497 0 -3.65898; 875 0.291546 0 -2.63294;
876 0.196695 0 -2.45594; 877 -1.78576 0 -2.95568; 878 -1.58748 0 -2.75645;
879 -1.78614 0 -2.55791; 880 -1.98428 0 -2.7572; 881 2.90995 0 1.23134;
882 -3.07716 0 0.573625; 883 -3.17013 0 0.381805; 884 -2.94366 0 0.364787;
885 -2.86717 0 0.57409; 886 3.29528 0 0.703942; 887 3.50636 0 0.582457;
888 3.587 0 0.793579; 889 3.36587 0 0.908836; 890 4.15963 0 0.994421;
891 3.97194 0 0.804764; 892 4.17614 0 0.59847; 893 -1.58727 0 -3.15437;
894 -1.98409 0 -3.15458; 895 -2.15111 0 2.1121; 896 -2.02815 0 2.36892;
897 -2.25765 0 2.38617; 898 -2.39212 0 2.082; 899 -2.64381 0 1.48732;
900 2.0608 0 0.774999; 901 1.69629 0 0.524322; 902 1.96036 0 0.501705;
903 -2.73892 0 1.45446; 904 2.3618 0 0.272263; 905 2.36449 0 0.00509815;
906 2.60984 0 -0.0814041; 907 -2.63423 0 0.988195; 908 1.96925 0 1.22064;
909 2.64538 0 1.49837; 910 2.67444 0 1.64058; 911 -3.57237 0 -3.15581;
912 -3.96968 0 -3.1574; 913 -3.77027 0 -3.35377; 914 -3.96968 0 3.1574;
915 -3.77192 0 2.95947; 916 -3.57233 0 3.15584; 917 -3.77027 0 3.35377;
918 -3.96864 0 -3.55205; 919 -3.57136 0 -3.5515; 920 2.87169 0 1.14353;
921 2.69589 0 1.13231; 922 3.23967 0 1.09345; 923 3.08354 0 0.945066;
924 -4.16777 0 -0.592105; 925 -4.16776 0 -0.986842; 926 -3.97026 0 -0.789478;
927 -0.92874 0 -3.32105; 928 -1.17333 0 -3.14115; 929 -2.975 0 0.713155;
930 -3.1145 0 0.787187; 931 -2.65593 0 0.226872; 932 -2.60684 0 -0.0254814;
933 -2.37332 0 0.0506412; 934 -2.42844 0 0.312255; 935 -4.16772 0 -2.96053;
936 -4.16718 0 -3.35481; 937 -3.97026 0 -1.57898; 938 -4.16773 0 -1.38158;
939 -3.37627 0 -2.56433; 940 -3.1784 0 -2.36696; 941 -3.37729 0 -2.17105;
942 -3.57503 0 -2.36843; 943 0.192619 0 -3.45599; 944 2.5124 0 1.03731;
945 2.41728 0 1.07477; 946 2.433 0 0.936719; 947 3.89211 0 1.90208;
948 4.12597 0 1.74411; 949 -3.96864 0 3.55205; 950 -3.57136 0 3.5515;
951 3.9294 0 1.17931; 952 3.66794 0 1.32852; 953 3.47674 0 1.14607;
954 3.73537 0 0.997086; 955 3.12547 0 1.83557; 956 3.37784 0 1.90841;
957 3.32423 0 2.15692; 958 3.13072 0 2.05394; 959 0.486467 0 -2.70946;
960 0.534959 0 -2.96034; 961 0.537504 0 -3.09862; 962 3.57136 0 -3.5515;
963 3.96085 0 2.75075; 964 -3.93396 0 1.16423; 965 -4.1466 0 1.36156;
966 -4.15279 0 0.9869; 967 3.57136 0 3.5515; 968 3.77027 0 3.35377;
969 3.96864 0 3.55205; 970 3.57375 0 3.15283; 971 3.77333 0 2.95646;
972 -4.16776 0 2.56579; 973 -3.97026 0 2.7632; 974 -4.16772 0 2.96053;
975 -0.396818 0 3.55166; 976 -0.198409 0 3.35318; 977 0.763515 0 -3.53347;
978 0.55421 0 -3.42884; 979 -1.88025 0 2.2199; 980 -1.69657 0 2.36504;
981 -1.86207 0 2.5279; 982 -3.57198 0 0.378389; 983 2.5499 0 1.19095;
984 -1.58418 0 2.14211; 985 -1.33096 0 2.30681; 986 -1.47187 0 2.54133;
987 2.61399 0 1.02206; 988 2.53135 0 0.910364; 989 -3.36676 0 2.95417;
990 -3.16765 0 3.15031; 991 -3.37309 0 3.35318; 992 -2.62341 0 2.0074;
993 -2.65068 0 2.33644; 994 -2.88781 0 2.238; 995 -4.15357 0 2.15334;
996 -3.95604 0 2.35072; 997 -3.23536 0 1.08664; 998 -3.45608 0 1.18227;
999 -2.54348 0 0.92766; 1000 3.40248 0 1.43608; 1001 3.13665 0 1.47852;
1002 3.20805 0 1.29971; 1003 3.97858 0 0.401074; 1004 -4.17003 0 0.590749;
1005 -3.957 0 0.78872; 1006 -1.19045 0 3.55166; 1007 -0.992045 0 3.35318;
1008 -0.793636 0 3.55166; 1009 -3.21975 0 1.54271; 1010 -3.38307 0 1.67277;
1011 -3.50921 0 1.50089; 1012 -2.97615 0 -3.35318; 1013 -2.77773 0 -3.15494;
1014 -2.97622 0 -2.95677; 1015 -3.17455 0 -3.155; 1016 -3.35353 0 2.1684;
1017 -3.19542 0 2.39592; 1018 -3.37317 0 2.54387; 1019 -3.53105 0 2.31647;
1020 3.02165 0 1.63029; 1021 1.81724 0 2.56701; 1022 1.99653 0 2.76358;
1023 1.78957 0 2.95867; 1024 1.60973 0 2.75308; 1025 2.49786 0 1.85859;
1026 -4.16718 0 3.35481; 1027 -3.02851 0 1.58709; 1028 -2.80636 0 0.777815;
1029 -2.67223 0 0.676608; 1030 4.16204 0 -0.98041; 1031 3.96454 0 -1.17781;
1032 -2.4776 0 1.84004; 1033 -3.97026 0 -2.36841; 1034 -4.1677 0 -2.56579;
1035 3.27154 0 1.66834; 1036 -3.77249 0 -0.592105; 1037 -3.7725 0 -0.986842;
1038 -3.5745 0 -0.789512; 1039 -2.57934 0 -2.95644; 1040 -2.38109 0 -2.75781;
1041 -2.57975 0 -2.55971; 1042 -2.77789 0 -2.75836; 1043 -2.20891 0 3.31891;
1044 -2.3929 0 3.5313; 1045 -2.01511 0 3.12298; 1046 -1.82928 0 2.9325;
1047 -1.60811 0 3.15092; 1048 -1.68153 0 1.33808; 1049 -1.58398 0 1.08646;
1050 -1.31696 0 1.17255; 1051 -1.41138 0 1.43413; 1052 -2.23446 0 0.443182;
1053 -2.50301 0 0.58365; 1054 3.96968 0 -3.1574; 1055 3.77027 0 -3.35377;
1056 2.24194 0 0.74089; 1057 2.87591 0 -0.182758; 1058 2.63485 0 -0.381135;
1059 2.89688 0 -0.497614; 1060 1.88931 0 1.44822; 1061 2.01566 0 1.60447;
1062 1.75624 0 1.61676; 1063 -0.751785 0 -3.5123; 1064 3.8916 0 1.5322;
1065 4.13802 0 1.37064; 1066 1.98799 0 3.15742; 1067 2.18387 0 2.94564;
1068 2.37839 0 3.14155; 1069 2.57932 0 3.35318; 1070 0.955997 0 -3.34625;
1071 -2.91378 0 0.889577; 1072 3.19642 0 2.39284; 1073 2.99836 0 2.58755;
1074 2.81285 0 2.41122; 1075 3.00883 0 2.24536; 1076 2.86353 0 2.10949;
1077 2.71379 0 2.20439; 1078 2.65079 0 1.96183; 1079 -3.6876 0 1.32934;
1080 -3.71867 0 0.990368; 1081 -3.97026 0 -0.394737; 1082 0.570048 0 -3.29769;
1083 3.69944 0 2.09204; 1084 3.75139 0 2.53342; 1085 3.53312 0 2.3232;
1086 4.1592 0 -0.58022; 1087 1.52633 0 -0.337551; 1088 1.50659 0 -0.590544;
1089 1.84034 0 -0.656738; 1090 1.84548 0 -0.41412; 1091 3.11115 0 -0.168633;
1092 3.00169 0 0.199237; 1093 -1.38886 0 3.35318; 1094 3.59197 0 1.69359;
1095 3.15958 0 -1.14956; 1096 3.37676 0 -1.38169; 1097 3.562 0 -1.16599;
1098 3.33969 0 -0.929185; 1099 3.31078 0 0.443151; 1100 3.12834 0 0.71945;
1101 3.13993 0 0.450833; 1102 1.01337 0 0.077197; 1103 0.747184 0 0.161278;
1104 0.677143 0 -0.125262; 1105 0.944169 0 -0.214548; 1106 3.97026 0 -1.97369;
1107 4.16768 0 -2.17105; 1108 3.77266 0 -2.56579; 1109 3.97026 0 -2.36841;
1110 3.77273 0 -2.17105; 1111 3.57503 0 -2.36843; 1112 1.72784 0 1.3223;
1113 -0.613288 0 2.54219; 1114 -0.396818 0 2.75695; 1115 -0.811701 0 2.74118;
1116 -0.346714 0 -1.8401; 1117 0.0366599 0 -1.84011; 1118 -0.15674 0 -1.64012;
1119 2.97622 0 -2.95677; 1120 -3.97026 0 -1.18425; 1121 3.37309 0 3.35318;
1122 -2.67886 0 0.445705; 1123 -3.94731 0 1.92951; 1124 -4.15909 0 1.74987;
1125 -3.72125 0 2.11654; 1126 -3.75951 0 2.54588; 1127 -2.18251 0 -3.35318;
1128 2.57432 0 2.94151; 1129 2.77524 0 3.1533; 1130 0.992045 0 3.35318;
1131 2.98053 0 2.95671; 1132 2.77703 0 2.7671; 1133 3.20022 0 2.76671;
1134 -2.91634 0 0.152925; 1135 -3.77245 0 -0.197369; 1136 -3.75987 0 0.191661;
1137 2.18251 0 -3.35318; 1138 -3.17195 0 1.7578; 1139 -3.3062 0 1.96911;
1140 -3.54434 0 1.88113; 1141 1.20816 0 0.917892; 1142 1.14664 0 0.644587;
1143 1.42872 0 0.565293; 1144 -2.38091 0 -3.15468; 1145 -3.56752 0 2.74696;
1146 -2.04138 0 2.69974; 1147 -2.23987 0 2.86126; 1148 -2.45756 0 2.5334;
1149 -1.98409 0 0.512663; 1150 -1.69395 0 0.514497; 1151 -1.79839 0 0.78629;
1152 -0.614433 0 2.13181; 1153 -0.39681 0 2.35888; 1154 -0.841923 0 2.31392;
1155 0.73364 0 -3.16735; 1156 -3.17455 0 3.55164; 1157 -2.97617 0 3.35318;
1158 -2.77773 0 3.55167; 1159 -1.61739 0 0.24713; 1160 -1.34769 0 0.295892;
1161 -1.42425 0 0.563259; 1162 -2.30844 0 -0.213173; 1163 -2.05729 0 -0.128804;
1164 -2.13053 0 0.134133; 1165 3.38229 0 2.95626; 1166 3.18136 0 3.15671;
1167 3.56931 0 2.74075; 1168 3.1784 0 -2.36696; 1169 3.37627 0 -2.56433;
1170 3.37729 0 -2.17105; 1171 3.5883 0 0.0476181; 1172 3.42636 0 0.257897;
1173 3.2021 0 0.161608; 1174 3.35891 0 -0.0731492; 1175 2.32744 0 2.37656;
1176 2.19391 0 2.56229; 1177 2.00081 0 2.41195; 1178 -3.97247 0 0.393347;
1179 3.57418 0 -2.76213; 1180 3.77186 0 -2.95952; 1181 -3.17455 0 -3.55153;
1182 -3.77271 0 -1.77632; 1183 -3.77273 0 -2.17105; 1184 -3.57503 0 -1.9737;
1185 -3.93819 0 1.52629; 1186 -3.37714 0 -1.77639; 1187 -3.17886 0 -1.57918;
1188 -3.37677 0 -1.38169; 1189 -3.57488 0 -1.57899; 1190 1.78567 0 3.35318;
1191 -2.59132 0 3.3328; 1192 -2.01538 0 1.60708; 1193 -1.91094 0 1.79547;
1194 -2.17897 0 1.7033; 1195 3.79079 0 0.206445; 1196 -3.37298 0 -3.35318;
1197 -3.75955 0 1.6972; 1198 -2.98095 0 -1.77667; 1199 -2.78218 0 -1.57965;
1200 -2.98025 0 -1.38208; 1201 -3.7726 0 -1.38158; 1202 -3.57466 0 -1.18425;
1203 3.81618 0 0.598527; 1204 3.63504 0 0.403025; 1205 2.59463 0 2.55132;
1206 2.51964 0 2.32838; 1207 -3.08977 0 0.94028; 1208 2.50302 0 2.08725;
1209 -2.42207 0 3.06715; 1210 3.7726 0 -1.38158; 1211 3.57488 0 -1.57899;
1212 3.77271 0 -1.77632; 1213 -3.17305 0 2.74821; 1214 2.18258 0 -2.95607;
1215 1.98409 0 -3.15458; 1216 1.78575 0 -2.95568; 1217 1.58727 0 -3.15436;
1218 0.395038 0 -2.24775; 1219 0.543714 0 -2.4846; 1220 0.742226 0 -2.32014;
1221 0.599463 0 -2.07388; 1222 1.17795 0 -3.154; 1223 1.23414 0 2.73563;
1224 1.0046 0 2.94783; 1225 0.814255 0 2.74189; 1226 1.0619 0 2.51874;
1227 1.35421 0 2.28043; 1228 1.67817 0 2.35046; 1229 1.45503 0 2.53274;
1230 1.86331 0 2.19511; 1231 1.38893 0 -2.95527; 1232 -3.00463 0 2.50298;
1233 -2.80554 0 2.65514; 1234 -2.97284 0 2.916; 1235 -2.61006 0 2.84365;
1236 -1.41553 0 2.95019; 1237 -1.19045 0 3.15457; 1238 0.225118 0 -2.04114;
1239 3.17598 0 -2.75991; 1240 2.97778 0 -2.56149; 1241 2.77789 0 -2.75836;
1242 0.793636 0 3.15457; 1243 1.19045 0 3.15457; 1244 1.39419 0 2.95367;
1245 3.57503 0 -1.9737; 1246 1.58727 0 3.15456; 1247 -1.18487 0 1.7387;
1248 -0.925903 0 1.90885; 1249 -1.1232 0 2.10378; 1250 3.38656 0 2.55165;
1251 2.40603 0 0.616511; 1252 2.16391 0 0.42036; 1253 -3.08312 0 2.15427;
1254 -1.37822 0 -2.94498; 1255 -0.19841 0 2.95583; 1256 -0.19841 0 2.55798;
1257 0 0 2.75696; 1258 -1.23281 0 2.74015; 1259 -1.65046 0 2.74992;
1260 -1.87965 0 0.20197; 1261 -3.37257 0 -0.984152; 1262 -3.17451 0 -1.18168;
1263 -1.50245 0 0.827779; 1264 -3.37398 0 -2.95771; 1265 -2.78169 0 3.1177;
1266 3.17886 0 -1.57917; 1267 3.37714 0 -1.77639; 1268 2.11591 0 0.10325;
1269 2.10851 0 -0.185344; 1270 2.36938 0 -0.269533; 1271 2.98052 0 -2.16896;
1272 2.77977 0 -2.36353; 1273 3.17925 0 -1.9738; 1274 -3.36512 0 -0.590117;
1275 -3.18172 0 -0.39811; 1276 -3.57442 0 -0.394741; 1277 2.33125 0 -0.492286;
1278 2.59668 0 -0.603734; 1279 -1.89995 0 1.44805; 1280 0.595222 0 2.95583;
1281 -1.35611 0 -2.55533; 1282 1.43052 0 1.4171; 1283 1.29129 0 1.17538;
1284 -1.23255 0 0.895274; 1285 -1.15435 0 0.630753; 1286 -1.12314 0 1.53319;
1287 0.871604 0 0.721048; 1288 0.808573 0 0.4321; 1289 1.08361 0 0.35564;
1290 -3.17925 0 -1.9738; 1291 -2.97778 0 -2.56149; 1292 -3.17598 0 -2.75991;
1293 -0.992045 0 2.95583; 1294 2.59978 0 0.66011; 1295 -2.18258 0 -2.95607;
1296 -3.78485 0 0.580176; 1297 1.98428 0 -2.7572; 1298 1.78614 0 -2.55795;
1299 1.58748 0 -2.7565; 1300 -1.79543 0 -0.0790205; 1301 -0.559648 0 -1.67367;
1302 -0.744304 0 -1.90719; 1303 -0.529907 0 -2.07671; 1304 1.87822 0 0.185043;
1305 1.37299 0 -2.55824; 1306 -0.185754 0 2.15035; 1307 0.0158312 0 2.3456;
1308 1.2851 0 0.00645698; 1309 1.35534 0 0.2849; 1310 -1.00201 0 0.0946281;
1311 -1.07783 0 0.363293; 1312 -2.96374 0 -0.971308; 1313 -2.74116 0 -0.740898;
1314 -2.93702 0 -0.55215; 1315 -3.16301 0 -0.784837; 1316 -2.54482 0 -0.550051;
1317 -2.5799 0 -0.976222; 1318 -2.3856 0 -0.786319; 1319 2.78207 0 -1.9719;
1320 2.58408 0 -1.77379; 1321 2.38374 0 -1.96647; 1322 2.58188 0 -2.16451;
1323 0.213051 0 2.54345; 1324 0.408422 0 2.74511; 1325 2.78077 0 -1.5757;
1326 2.98096 0 -1.77667; 1327 2.97882 0 -1.37814; 1328 -2.98052 0 -2.16896;
1329 -2.78206 0 -1.9719; 1330 -0.543667 0 -0.550784;
1331 -0.720781 0 -0.795112; 1332 -0.540582 0 -0.907539;
1333 -0.367138 0 -0.654458; 1334 0.863034 0 -0.537344; 1335 1.1499 0 -0.602046;
1336 1.22699 0 -0.283415; 1337 1.06074 0 1.52276; 1338 1.46798 0 1.66036;
1339 1.16457 0 1.74691; 1340 -2.77289 0 -1.174; 1341 -1.59092 0 -2.35834;
1342 -1.78985 0 -2.15995; 1343 -1.98495 0 -2.35958; 1344 -2.35702 0 1.76027;
1345 0.632908 0 2.52709; 1346 1.58453 0 -2.35842; 1347 1.98494 0 -2.35961;
1348 1.78345 0 -2.16002; 1349 0.436369 0 -1.43614; 1350 0.627113 0 -1.66131;
1351 0.848968 0 -1.46167; 1352 0.664903 0 -1.23152; 1353 2.38109 0 -2.75781;
1354 2.18295 0 -2.55887; 1355 -3.04521 0 -0.210423; 1356 -2.81664 0 -0.0666259;
1357 -2.18296 0 -2.55886; 1358 -2.77977 0 -2.36353; 1359 -1.87708 0 2.01939;
1360 -0.920667 0 -0.148196; 1361 -0.650495 0 -0.0568362;
1362 -0.731835 0 0.185988; 1363 -0.978185 0 0.975787; 1364 -1.06264 0 1.25299;
1365 0.911211 0 1.03295; 1366 0.661595 0 1.09569; 1367 0.628031 0 0.783012;
1368 2.57975 0 -2.55971; 1369 -1.57798 0 -1.07797; 1370 -1.78562 0 -0.910767;
1371 -1.9937 0 -1.17687; 1372 -1.78352 0 -1.34282; 1373 1.61878 0 0.238788;
1374 -1.98433 0 -0.38696; 1375 -1.7225 0 -0.337263; 1376 -1.43603 0 -0.625239;
1377 -1.69553 0 -0.65802; 1378 2.38279 0 2.71547; 1379 0.0366246 0 -1.44012;
1380 -0.158876 0 -1.24604; 1381 -0.35224 0 -1.44604; 1382 0.419743 0 -1.84012;
1383 0.229923 0 -1.64012; 1384 -0.667759 0 -2.34182; 1385 1.16562 0 -2.35786;
1386 0.977867 0 -2.13213; 1387 2.3817 0 -2.36077; 1388 -1.13798 0 -2.34832;
1389 -1.37913 0 -2.14763; 1390 -0.941823 0 -2.12158; 1391 3.29148 0 -0.466356;
1392 -1.04976 0 2.52563; 1393 -2.16348 0 1.89435; 1394 3.09733 0 -0.666016;
1395 -0.733447 0 1.94449; 1396 -0.477073 0 1.77914; 1397 -0.354937 0 1.96615;
1398 1.39312 0 1.91355; 1399 0.882524 0 2.30317; 1400 1.17304 0 2.0716;
1401 0.36185 0 0.529198; 1402 0.189435 0 0.730299; 1403 0.0360467 0 0.539252;
1404 0.213241 0 0.328688; 1405 1.83693 0 -0.119305; 1406 2.12399 0 -0.478816;
1407 1.98611 0 -1.96175; 1408 2.18383 0 -2.16144; 1409 2.18616 0 -1.76672;
1410 1.4079 0 -1.76273; 1411 1.19408 0 -1.95009; 1412 1.3773 0 -2.15797;
1413 1.59101 0 -1.97066; 1414 2.9576 0 -0.939935; 1415 -2.22017 0 -0.634515;
1416 -1.94546 0 -0.583697; 1417 -2.26086 0 -0.437649; 1418 -0.694116 0 1.63545;
1419 -0.886638 0 1.59976; 1420 -2.58189 0 -2.16451; 1421 -2.3817 0 -2.36076;
1422 -0.165343 0 0.37635; 1423 -0.0873352 0 0.81438; 1424 -0.295521 0 0.656322;
1425 -0.826097 0 1.31961; 1426 -2.18386 0 -2.16141; 1427 -1.98617 0 -1.96168;
1428 -2.1862 0 -1.76666; 1429 -2.38373 0 -1.96646; 1430 0.247118 0 2.10921;
1431 0.444086 0 2.3094; 1432 -2.80393 0 -0.366514; 1433 0.691831 0 2.09107;
1434 -0.807215 0 0.432002; 1435 -0.883733 0 0.699463; 1436 0.243071 0 -1.23613;
1437 0.806716 0 -1.89508; 1438 -0.9883 0 -1.73038; 1439 -1.18566 0 -1.9448;
1440 0.911389 0 -0.999045; 1441 0.715018 0 -0.788952; 1442 0.468897 0 -1.02357;
1443 2.12324 0 -0.95209; 1444 1.96672 0 -1.17989; 1445 2.17645 0 -1.36603;
1446 0.440829 0 -0.628516; 1447 0.206357 0 -0.484901;
1448 0.0314931 0 -0.695283; 1449 0.259785 0 -0.842563;
1450 0.0409778 0 -1.05229; 1451 -0.153676 0 -0.85765; 1452 -0.35353 0 -1.0514;
1453 -0.561562 0 -1.28647; 1454 -0.772808 0 -1.51298; 1455 0.0413983 0 1.92494;
1456 0.26533 0 1.65796; 1457 0.481748 0 1.83844; 1458 -1.59408 0 -1.95999;
1459 -1.79051 0 -1.76165; 1460 -2.58406 0 -1.77379; 1461 -1.40072 0 -1.7571;
1462 2.76325 0 -0.767217; 1463 -0.38658 0 0.925965; 1464 -0.624757 0 0.793143;
1465 -0.531698 0 0.52809; 1466 1.28649 0 -1.15137; 1467 1.1548 0 -0.864091;
1468 1.06057 0 -1.28879; 1469 -0.142026 0 1.74843; 1470 2.37342 0 -1.56335;
1471 -0.36041 0 1.57636; 1472 -0.242531 0 1.34243; 1473 -0.0127194 0 1.50943;
1474 1.56726 0 -0.0619293; 1475 -2.38479 0 -1.57702; 1476 -2.58307 0 -1.38281;
1477 0.555175 0 0.484335; 1478 0.493786 0 0.213513; 1479 0.0157355 0 -0.368922;
1480 -0.116145 0 -0.13353; 1481 -0.319837 0 -0.248845;
1482 -0.180433 0 -0.493046; 1483 -2.38994 0 -1.18512;
1484 -2.03545 0 -0.836395; 1485 -2.2037 0 -0.996835; 1486 0.42862 0 0.828672;
1487 0.397859 0 1.08296; 1488 0.152149 0 0.982283; 1489 0.337492 0 -0.249292;
1490 0.582155 0 -0.382503; 1491 0.425314 0 0.00389744; 1492 0.640651 0 1.41236;
1493 0.37362 0 1.39725; 1494 0.978941 0 1.28704; 1495 -1.13309 0 -0.467091;
1496 -0.855537 0 -0.370099; 1497 0.70953 0 1.65216; 1498 0.919634 0 1.90492;
1499 -2.18668 0 -1.37852; 1500 -2.59421 0 -0.325544; 1501 1.98906 0 -1.56947;
1502 1.02303 0 -1.713; 1503 1.23042 0 -1.54285; 1504 -0.834575 0 -0.580527;
1505 -1.05292 0 -0.716387; 1506 -0.934726 0 -0.941363;
1507 -0.991011 0 -1.33395; 1508 -1.21559 0 -1.55331; 1509 2.36663 0 -0.773262;
1510 -0.456318 0 0.282076; 1511 1.80753 0 -0.862096; 1512 1.49875 0 -0.840839;
1513 1.49639 0 -1.05464; 1514 1.79058 0 -1.06094; 1515 -0.561764 0 -0.340213;
1516 -1.98795 0 -1.56823; 1517 1.61217 0 -1.60245; 1518 1.43408 0 -1.39099;
1519 2.15947 0 -0.759936; 1520 -0.580657 0 1.43394; 1521 -0.719252 0 1.06941;
1522 0.0872735 0 1.25244; 1523 -0.155314 0 1.08469; 1524 1.79379 0 -1.77233;
1525 -1.40532 0 -1.33754; 1526 -1.59037 0 -1.54139; 1527 -0.473756 0 1.1838;
1528 0.14477 0 0.119072; 1529 -0.402579 0 0.0266779; 1530 -0.111604 0 0.120953;
1531 0.140229 0 -0.135411; 1532 -0.756168 0 -1.13273; 1533 1.80945 0 -1.40663;
1534 -1.35259 0 -0.874253; 1535 -1.17546 0 -1.12487; 1536 1.63133 0 -1.28064;
1537 -4.16766 0 -1.97369; 1538 2.17403 0 1.0376; 1539 0.173061 0 -3.65878;
1540 0.198409 0 3.15453; 1541 4.16771 0 -8.13905e-06; 1542 -2.33891 0 0.766213;
1543 3.75413 0 -0.353973; 1544 2.25782 0 1.7423; 1545 2.36613 0 1.40997;
1546 2.97614 0 3.55162; 1547 1.74765 0 1.94835; 1548 -3.39635 0 0.719868;
1549 4.16767 0 -1.57896; 1550 0.595227 0 3.55162; 1551 -0.483943 0 -3.33736;
1552 -0.232963 0 -3.22975; 1553 -2.36588 0 1.24083; 1554 2.3224 0 1.26068;
1555 -2.18569 0 0.850483; 1556 -2.00943 0 1.12763; 1557 0.198409 0 3.55162;
1558 -0.369636 0 -2.66968; 1559 4.16685 0 -3.55237; 1560 2.57935 0 -3.15481;
1561 -1.36742 0 -0.138592; 1562 1.68926 0 0.935795; 1563 2.19518 0 1.37243;
1564 0.153904 0 -2.92816; 1565 0.22092 0 -3.30517; 1566 -2.79786 0 1.12232;
1567 2.85822 0 1.82089; 1568 -4.16771 0 -8.13905e-06;
1569 -3.35442 0 0.00330136; 1570 -2.45297 0 1.06645; 1571 -0.595226 0 3.15454;
1572 4.16767 0 -2.76315; 1573 -1.7857 0 -3.55163; 1574 0.261904 0 -3.03616;
1575 -3.77224 0 -2.76264; 1576 2.97614 0 -3.55156; 1577 -0.308901 0 -3.49893;
1578 -0.226897 0 -3.61604; 1579 2.5537 0 -1.15553; 1580 1.7857 0 -3.55163;
1581 -1.53121 0 1.77685; 1582 -1.78994 0 3.54754; 1583 -0.231691 0 -3.41952;
1584 3.37347 0 -3.15543; 1585 -0.442214 0 -3.65337; 1586 0.932991 0 -2.77064;
1587 4.15163 0 2.34893; 1588 2.57934 0 -3.55159; 1589 1.38888 0 -3.55166;
1590 4.16739 0 3.15766; 1591 0.00748871 0 -2.71578; 1592 -0.143447 0 -2.2412;
1593 -2.15301 0 1.38303; 1594 2.22203 0 2.11591; 1595 1.38886 0 3.55162;
1596 2.1825 0 3.55163; 1597 -2.83739 0 1.26985; 1598 -2.25838 0 1.35477;
1599 -2.88888 0 1.82778; 1600 2.66525 0 0.305188; 1601 2.84831 0 0.734755;
1602 -2.47553 0 1.42375; 1603 -0.224927 0 -3.07552; 1604 -0.915573 0 -2.74395;
1605 -1.38888 0 -3.55166; 1606 3.74751 0 -0.752673; 1607 0.0257074 0 -2.98311;
1608 -2.68242 0 1.66109; 1609 -0.56745 0 -3.06049; 1610 -0.0820983 0 -3.34944;
1611 -0.278672 0 -2.91205; 1612 -2.57934 0 -3.55159; 1613 -3.14521 0 1.35195;
1614 0.43626 0 -3.65849; 1615 0.189326 0 -2.63624; 1616 -1.78591 0 -2.75681;
1617 -0.116927 0 -2.96752; 1618 2.82939 0 1.26127; 1619 -3.01668 0 0.466062;
1620 3.44117 0 0.748788; 1621 4.16857 0 0.797115; 1622 -0.490302 0 -3.2097;
1623 -1.78572 0 -3.15445; 1624 -2.2166 0 2.24192; 1625 -2.57065 0 1.55958;
1626 1.87909 0 0.651388; 1627 -2.75125 0 1.38354; 1628 2.47345 0 0.0930526;
1629 -2.67024 0 1.04948; 1630 2.02031 0 1.13838; 1631 2.66011 0 1.58384;
1632 -3.77104 0 -3.15662; 1633 -3.77105 0 3.15662; 1634 -3.77001 0 -3.55183;
1635 2.78373 0 1.14471; 1636 3.16708 0 1.0051; 1637 -4.1677 0 -0.789475;
1638 -0.96103 0 -3.12977; 1639 -3.10696 0 0.68075; 1640 -2.51748 0 0.141735;
1641 -4.16739 0 -3.15766; 1642 -4.16767 0 -1.57896; 1643 -3.37675 0 -2.36769;
1644 0.277518 0 -3.46807; 1645 0.108279 0 -3.41257; 1646 2.42514 0 1.00574;
1647 4.13066 0 1.93544; 1648 -3.77001 0 3.55183; 1649 -2.72967 0 1.52544;
1650 3.70539 0 1.16415; 1651 3.24794 0 1.98414; 1652 0.535699 0 -2.84256;
1653 0.480774 0 -3.03705; 1654 3.37296 0 -3.55155; 1655 4.16298 0 2.75694;
1656 -4.14959 0 1.17423; 1657 3.77001 0 3.55183; 1658 3.77176 0 3.15511;
1659 2.56005 0 1.45115; 1660 -4.16769 0 2.76317; 1661 -0.198409 0 3.55162;
1662 2.68828 0 1.69266; 1663 0.566087 0 -3.52659; 1664 -1.8665 0 2.3747;
1665 -3.36957 0 0.375714; 1666 -2.95913 0 1.16463; 1667 2.40774 0 1.14468;
1668 2.74769 0 1.4021; 1669 -1.51483 0 2.33829; 1670 -0.0990058 0 -3.66839;
1671 2.65363 0 1.07879; 1672 2.57267 0 0.966214; 1673 -3.36986 0 3.1537;
1674 -2.74193 0 2.12599; 1675 0.205707 0 -3.16311; 1676 -4.16059 0 2.35957;
1677 -3.23679 0 1.20119; 1678 -2.60331 0 0.930427; 1679 -2.16812 0 1.02707;
1680 3.16896 0 1.39174; 1681 4.17188 0 0.397912; 1682 -4.16131 0 0.788824;
1683 2.94636 0 1.16444; 1684 -0.992045 0 3.55162; 1685 -3.3619 0 1.52427;
1686 -2.97616 0 -3.15497; 1687 -3.36329 0 2.35616; 1688 2.96803 0 1.69898;
1689 1.80341 0 2.76287; 1690 2.41777 0 1.82011; 1691 -4.16739 0 3.15766;
1692 -3.0466 0 1.50105; 1693 -2.73994 0 0.730404; 1694 4.16482 0 -1.181;
1695 -2.53425 0 1.93166; 1696 4.16685 0 3.55237; 1697 -4.16766 0 -2.36842;
1698 3.40954 0 1.75999; 1699 3.24444 0 1.20074; 1700 -3.77244 0 -0.789484;
1701 -2.57952 0 -2.75808; 1702 -2.19275 0 3.53736; 1703 -1.80985 0 3.13938;
1704 -1.49767 0 1.26032; 1705 -2.38279 0 0.512595; 1706 -4.16767 0 -2.76315;
1707 4.16739 0 -3.15766; 1708 3.77001 0 -3.55183; 1709 2.3383 0 0.733696;
1710 2.75898 0 -0.285931; 1711 1.95343 0 1.52815; 1712 -0.567065 0 -3.51952;
1713 -4.16685 0 3.55237; 1714 4.13268 0 1.55505; 1715 2.18318 0 3.14945;
1716 2.57932 0 3.55163; 1717 0.975884 0 -3.5411; 1718 -2.86242 0 0.834885;
1719 3.0055 0 2.41271; 1720 2.75508 0 2.03637; 1721 -3.69891 0 1.16715;
1722 -4.1677 0 -0.394737; 1723 0.498779 0 -3.35473; 1724 3.73003 0 2.31237;
1725 4.16341 0 -0.388792; 1726 1.68082 0 -0.499166; 1727 2.93683 0 0.0144995;
1728 -1.38886 0 3.55162; 1729 3.63353 0 1.87981; 1730 3.36082 0 -1.15776;
1731 3.21639 0 0.577946; 1732 0.845256 0 -0.0240323; 1733 2.09935 0 1.65311;
1734 4.16766 0 -1.97369; 1735 3.77267 0 -2.36842; 1736 -0.97103 0 -3.53352;
1737 1.92992 0 1.32286; 1738 -0.595227 0 3.55162; 1739 -0.154501 0 -2.63515;
1740 -0.604257 0 2.74904; 1741 -0.155027 0 -1.84011; 1742 2.97616 0 -3.15497;
1743 -4.16769 0 -1.18422; 1744 3.37299 0 3.55158; 1745 -2.59042 0 0.633866;
1746 -4.15624 0 1.9516; 1747 -3.74362 0 2.33358; 1748 -2.1825 0 -3.55161;
1749 2.57682 0 3.14739; 1750 0.992045 0 3.55162; 1751 0.298238 0 -2.89183;
1752 2.98866 0 2.76688; 1753 -2.80075 0 0.297186; 1754 -3.7661 0 -0.0028665;
1755 2.1825 0 -3.55161; 1756 -3.35372 0 1.82335; 1757 1.32135 0 0.741164;
1758 -4.16685 0 -3.55237; 1759 -2.57935 0 -3.15481; 1760 -3.76896 0 2.75506;
1761 -2.24733 0 2.62255; 1762 -1.87048 0 0.629126; 1763 -0.613864 0 2.33703;
1764 0.569561 0 -3.18627; 1765 4.1496 0 1.18414; 1766 -3.37299 0 3.55158;
1767 -2.97614 0 3.55162; 1768 -2.4791 0 0.891477; 1769 -1.52082 0 0.405195;
1770 -2.21949 0 -0.0395492; 1771 3.37762 0 3.15475; 1772 3.76515 0 2.74573;
1773 2.19448 0 0.854277; 1774 3.37675 0 -2.36769; 1775 3.39396 0 0.0941421;
1776 2.46586 0 0.862583; 1777 2.1641 0 2.39423; 1778 -4.16882 0 0.39405;
1779 3.77224 0 -2.76264; 1780 -2.97614 0 -3.55156; 1781 4.16055 0 -0.780313;
1782 -3.77268 0 -1.97369; 1783 -4.15273 0 1.55321; 1784 2.99796 0 0.877227;
1785 -2.99219 0 1.66786; 1786 -3.37691 0 -1.57906; 1787 4.16766 0 -2.36842;
1788 1.78568 0 3.55163; 1789 -2.58532 0 3.54144; 1790 -2.09941 0 1.65462;
1791 3.77902 0 0.0208286; 1792 3.06792 0 0.325194; 1793 -3.37296 0 -3.55155;
1794 -3.72136 0 1.50454; 1795 -2.98056 0 -1.57939; 1796 -3.7725 0 -1.18423;
1797 3.80342 0 0.402464; 1798 2.65561 0 2.3806; 1799 -3.16218 0 0.995973;
1800 2.57223 0 1.9109; 1801 -2.22364 0 3.09398; 1802 3.77261 0 -1.57897;
1803 -3.00445 0 0.912584; 1804 -3.3699 0 2.74905; 1805 2.18252 0 -3.15463;
1806 3.46841 0 0.418263; 1807 1.78572 0 -3.15445; 1808 0.57395 0 -2.27903;
1809 0.963431 0 -3.15776; 1810 1.02565 0 2.73678; 1811 1.51697 0 2.31533;
1812 1.84027 0 2.38109; 1813 1.38889 0 -3.15425; 1814 -2.9863 0 2.70373;
1815 -2.63156 0 2.59422; 1816 -1.39928 0 3.15271; 1817 0.212806 0 -2.24722;
1818 2.97697 0 -2.75913; 1819 0.992045 0 3.15454; 1820 1.42175 0 2.74476;
1821 3.77268 0 -1.97369; 1822 1.78763 0 3.15596; 1823 -1.14849 0 1.91753;
1824 3.38482 0 2.75371; 1825 2.2833 0 0.52899; 1826 -3.20408 0 2.06618;
1827 -1.38354 0 -3.14911; 1828 3.64931 0 1.49026; 1829 3.77104 0 -3.15662;
1830 -0.19841 0 2.75693; 1831 -1.43972 0 2.74673; 1832 -2.05462 0 0.324244;
1833 -3.37463 0 -1.18294; 1834 -1.67925 0 0.924342; 1835 -0.198409 0 3.15453;
1836 -3.37347 0 -3.15543; 1837 -3.77267 0 -2.36842; 1838 1.38886 0 3.15453;
1839 0.390919 0 -2.65241; 1840 2.42085 0 2.24008; 1841 -3.77261 0 -1.57897;
1842 -2.59906 0 3.09035; 1843 3.37691 0 -1.57906; 1844 2.24266 0 -0.0831769;
1845 2.97912 0 -2.36524; 1846 3.37718 0 -1.97374; 1847 -3.37634 0 -0.395406;
1848 2.48304 0 -0.436672; 1849 -2.971 0 3.13431; 1850 -1.9579 0 1.52996;
1851 -3.7724 0 -0.394738; 1852 0.595226 0 3.15454; 1853 3.76331 0 -1.17188;
1854 -1.36713 0 -2.75016; 1855 3.77955 0 0.799179; 1856 1.50891 0 1.24983;
1857 -1.3284 0 0.729266; 1858 -1.29811 0 1.58643; 1859 0.977605 0 0.538344;
1860 -3.37718 0 -1.97374; 1861 -2.97697 0 -2.75913; 1862 2.97832 0 3.15498;
1863 -0.992045 0 3.15454; 1864 -3.74031 0 1.90688; 1865 2.6873 0 0.667595;
1866 -2.18252 0 -3.15463; 1867 -3.75168 0 0.785265; 1868 -0.521485 0 -2.83026;
1869 -3.77229 0 0.385893; 1870 -1.84379 0 2.73083; 1871 1.78591 0 -2.75683;
1872 -1.70641 0 0.0840427; 1873 -0.545532 0 -1.87364; 1874 2.03032 0 0.30564;
1875 3.3751 0 -2.76102; 1876 1.38092 0 -2.75677; 1877 -0.192083 0 2.35419;
1878 1.98577 0 2.04915; 1879 1.18435 0 0.181048; 1880 -1.17485 0 0.19526;
1881 -2.95213 0 -0.762849; 1882 -2.56233 0 -0.763164; 1883 2.58294 0 -1.96917;
1884 2.99655 0 2.0893; 1885 3.07822 0 1.55648; 1886 0.204212 0 2.75101;
1887 2.51642 0 0.630703; 1888 2.97985 0 -1.57742; 1889 -2.9807 0 -1.97283;
1890 -0.538575 0 -0.728623; 1891 1.04662 0 -0.405709; 1892 1.27878 0 1.58021;
1893 -2.97374 0 -1.17782; 1894 -1.78796 0 -2.35895; 1895 -2.45242 0 1.75441;
1896 -3.04401 0 2.32224; 1897 0.611338 0 2.74347; 1898 1.78476 0 -2.359;
1899 0.642689 0 -1.4489; 1900 2.18273 0 -2.75749; 1901 -3.3751 0 -2.76102;
1902 -2.98179 0 -0.0271286; 1903 -2.18273 0 -2.75748; 1904 -2.97912 0 -2.36524;
1905 -1.73121 0 1.96598; 1906 -0.826251 0 0.0188958; 1907 -1.14758 0 1.07415;
1908 0.766585 0 0.908377; 1909 2.57952 0 -2.75808; 1910 -1.78674 0 -1.12936;
1911 1.52375 0 0.402041; 1912 -1.88989 0 -0.233012; 1913 -1.57925 0 -0.481228;
1914 2.57892 0 2.74427; 1915 -0.157808 0 -1.44308; 1916 0.228202 0 -1.84012;
1917 -0.499533 0 -2.2917; 1918 0.953962 0 -2.33899; 1919 2.9807 0 -1.97283;
1920 2.58077 0 -2.36213; 1921 -3.3688 0 -0.787155; 1922 2.19354 0 2.7461;
1923 -1.36759 0 -2.3515; 1924 -0.906035 0 -2.34324; 1925 3.32324 0 -0.254972;
1926 -1.0209 0 2.74076; 1927 -1.9135 0 1.32265; 1928 -2.26483 0 1.7408;
1929 3.31818 0 -0.700091; 1930 -0.545761 0 1.95549; 1931 1.57465 0 1.76517;
1932 1.1147 0 2.29661; 1933 0.201338 0 0.529499; 1934 1.97749 0 -0.299516;
1935 2.18496 0 -1.9641; 1936 1.39257 0 -1.96036; 1937 2.96706 0 -1.16115;
1938 -2.10226 0 -0.510761; 1939 -0.810026 0 1.77214; 1940 -2.58078 0 -2.36213;
1941 -0.128282 0 0.591617; 1942 -0.974627 0 1.42639; 1943 -2.18499 0 -1.96405;
1944 -2.01746 0 2.05682; 1945 0.229393 0 2.32802; 1946 2.18335 0 -2.36017;
1947 -2.99108 0 -0.381295; 1948 1.37511 0 -2.35812; 1949 0.659639 0 2.31109;
1950 -0.98078 0 0.531378; 1951 0.236497 0 -1.43813; 1952 -1.08094 0 2.31099;
1953 0.613259 0 -1.8676; 1954 -0.965022 0 -1.92598; 1955 0.686648 0 -1.01272;
1956 2.14982 0 -1.15908; 1957 0.233421 0 -0.66294; 1958 -0.156276 0 -1.05185;
1959 -0.562539 0 -1.47951; 1960 0.256023 0 1.88536; 1961 -1.79015 0 -1.96082;
1962 -2.58293 0 -1.96917; 1963 -1.3899 0 -1.95238; 1964 2.93579 0 -0.71969;
1965 -0.459133 0 0.727036; 1966 -2.18337 0 -2.36015; 1967 1.10363 0 -1.07632;
1968 -0.162413 0 1.9515; 1969 2.57713 0 -1.56951; 1970 3.35916 0 2.34405;
1971 -0.192273 0 1.54545; 1972 1.72488 0 0.0592911; 1973 -2.58353 0 -1.57832;
1974 0.651179 0 0.322807; 1975 -0.149057 0 -0.312811; 1976 -2.58145 0 -1.17954;
1977 -2.20947 0 -0.810924; 1978 0.29195 0 0.905446; 1979 0.502974 0 -0.18676;
1980 0.517576 0 1.24647; 1981 1.0936 0 1.10112; 1982 -1.02771 0 -0.306011;
1983 0.69798 0 1.87127; 1984 -2.19271 0 -1.18293; 1985 -2.7054 0 -0.196042;
1986 0.251428 0 -1.03935; 1987 1.15638 0 1.90921; 1988 2.18127 0 -1.56639;
1989 -0.167822 0 -0.674871; 1990 1.03972 0 -1.50226;
1991 -0.885245 0 -0.755641; 1992 -0.994237 0 -1.53314;
1993 2.56692 0 -0.774802; 1994 1.00042 0 -1.92258; 1995 -0.631767 0 0.357039;
1996 1.651 0 -0.956749; 1997 0.491894 0 0.656508; 1998 -1.86552 0 -0.74722;
1999 -0.698172 0 -0.460374; 2000 -2.18641 0 -1.57261; 2001 1.39873 0 -0.167996;
2002 1.42132 0 -1.57265; 2003 1.98615 0 -0.804392; 2004 -0.528856 0 1.60656;
2005 -0.801482 0 0.884451; 2006 -0.000266263 0 1.03534;
2007 1.32455 0 -0.71944; 2008 1.78859 0 -1.96619; 2009 -1.403 0 -1.54734;
2010 -0.64994 0 1.25169; 2011 0.177078 0 1.45672; 2012 0.319278 0 0.166293;
2013 -0.283961 0 0.201514; 2014 -0.482172 0 -0.156768;
2015 0.0143123 0 -0.00722903; 2016 0.647822 0 -0.58319;
2017 0.848696 0 1.46953; 2018 -0.551055 0 -1.09564; 2019 -2.42664 0 -0.38166;
2020 1.80304 0 -1.58846; 2021 0.17227 0 -0.30859; 2022 -1.24285 0 -0.670695;
2023 -1.78919 0 -1.5548; 2024 -1.37895 0 -1.10592; 2025 -0.314545 0 1.13422;
2026 2.24533 0 -0.626075; 2027 1.46557 0 -1.2186; 2028 -0.969976 0 -1.13467;
2029 1.79905 0 -1.23025; 2030 2.73232 0 1.30518;
ELEMENT INCIDENCES SHELL
1 330 670 1537 668; 2 1538 671 376 672; 3 673 164 165 1539; 4 1540 675 426 678;
5 681 1541 679 302; 6 1542 683 11 234; 7 684 298 687 1543; 8 375 690 1544 688;
9 246 1545 691 22; 10 1546 694 322 696; 11 700 1547 697 530;
12 1548 701 433 704; 13 134 135 707 1549; 14 1550 708 333 710;
15 1551 711 306 712; 16 713 1552 282 59; 17 8 232 1553 714;
18 369 717 1554 692; 19 233 1555 682 10; 20 1556 720 8 231;
21 710 333 677 1557; 22 724 42 265 1558; 23 143 144 1559 727;
24 729 291 732 1560; 25 736 1561 733 521; 26 379 740 1562 737;
27 1563 716 40 264; 28 268 1564 741 44; 29 746 1565 744 380;
30 358 749 1566 747; 31 372 752 1567 750; 32 753 338 755 1568;
33 1569 756 429 759; 34 715 1570 760 358; 35 765 1571 762 339;
36 1572 766 286 768; 37 1573 175 176 771; 38 773 1574 742 640;
39 417 777 1575 774; 40 778 150 151 1576; 41 781 55 279 1577;
42 278 1578 783 55; 43 787 1579 784 582; 44 788 156 157 1580;
45 794 1581 791 363; 46 77 1582 795 76; 47 798 54 278 1583;
48 386 802 1584 799; 49 279 1585 803 56; 50 804 398 807 1586;
51 113 114 1587 808; 52 291 780 1588 732; 53 297 790 1589 812;
54 816 1590 814 315; 55 383 818 1591 817; 56 822 1592 819 466;
57 6 230 1593 229; 58 667 827 1594 824; 59 94 830 1595 93; 60 831 323 833 1596;
61 1597 834 17 241; 62 228 1598 714 4; 63 1599 836 643 838;
64 1600 839 657 842; 65 1601 843 457 845; 66 227 1602 846 3;
67 848 380 713 1603; 68 1604 850 403 853; 69 855 1605 769 310;
70 856 296 858 1606; 71 1607 859 380 860; 72 1608 861 20 244;
73 1609 863 306 865; 74 713 1610 798 1552; 75 1611 849 60 284;
76 870 1612 868 316; 77 18 241 1613 871; 78 275 1614 673 52;
79 875 45 268 1615; 80 1616 877 407 880; 81 266 1617 867 42;
82 1618 920 1635 2030; 83 650 885 1619 882; 84 889 1620 886 371;
85 121 122 1621 890; 86 282 58 712 1622; 87 1623 770 312 894;
88 1624 895 364 898; 89 862 1625 899 639; 90 900 377 902 1626;
91 847 358 835 1627; 92 839 656 906 1628; 93 1629 907 13 237;
94 908 1630 740 379; 95 1631 909 24 248; 96 911 318 913 1632;
97 917 1633 914 355; 98 318 919 1634 913; 99 920 32 256 1635;
100 402 889 1636 922; 101 336 926 1637 924; 102 1638 927 308 928;
103 1639 882 649 702; 104 934 1640 931 360; 105 912 320 936 1641;
106 937 330 668 1642; 107 1643 939 417 942; 108 50 274 1644 745;
109 943 52 276 1645; 110 944 642 946 1646; 111 810 1647 947 309;
112 67 1648 949 66; 113 1649 903 19 243; 114 951 304 954 1650;
115 1651 955 372 958; 116 447 806 1652 959; 117 381 961 1653 960;
118 1654 149 150 778; 119 1655 808 311 963; 120 964 344 966 1656;
121 106 969 1657 105; 122 315 814 1658 968; 123 1668 2030 1659 909;
124 1660 972 219 220; 125 85 1661 975 84; 126 1662 910 25 249;
127 977 162 874 1663; 128 1664 979 454 896; 129 883 452 758 1665;
130 748 15 239 1666; 131 1667 945 38 262; 132 252 29 2030 1668;
133 1669 984 653 980; 134 277 1670 782 54; 135 921 1671 983 369;
136 987 34 258 1672; 137 991 1673 916 353; 138 992 1 837 1674;
139 48 272 1675 772; 140 352 996 1676 972; 141 1677 997 435 998;
142 999 12 236 1678; 143 720 357 719 1679; 144 1000 368 1002 1680;
145 1681 681 302 1003; 146 1682 1004 209 210; 147 30 254 1683 881;
148 82 1008 1684 81; 149 1685 872 366 1011; 150 1686 1012 317 1015;
151 1687 1016 440 1019; 152 1688 1020 28 251; 153 1689 1021 492 1024;
154 1025 25 248 1690; 155 1691 974 221 222; 156 1027 1692 1009 365;
157 236 1693 1028 13; 158 131 132 1694 1030; 159 898 364 1032 1695;
160 108 109 816 1696; 161 1033 326 1034 1697; 162 1699 922 31 254;
163 427 1038 1700 1036; 164 1701 1039 410 1042; 165 1702 1043 347 1044;
166 343 1047 1703 796; 167 1051 1704 1048 445; 168 1052 444 934 1705;
169 1034 1706 192 193; 170 141 142 1707 766; 171 728 146 147 1708;
172 1709 1251 1825 1056; 173 1057 482 1059 1710; 174 1711 1060 470 1062;
175 1712 803 170 1063; 176 1713 1026 223 224; 177 118 119 1065 1714;
178 833 1715 1066 325; 179 100 696 1716 99; 180 1717 161 162 977;
181 1718 929 648 1071; 182 1072 556 1075 1719; 183 1720 751 26 1078;
184 366 998 1721 1079; 185 1722 924 203 204; 186 301 978 1723 1082;
187 1724 1083 404 1085; 188 127 128 1725 680; 189 561 1090 1726 1087;
190 1092 1727 840 457; 191 80 1006 1728 79; 192 309 947 1729 1083;
193 1098 1730 1095 480; 194 1099 456 1101 1731; 195 1102 568 1105 1732;
196 689 23 246 1733; 197 707 1734 1106 292; 198 1735 1108 387 1111;
199 1736 171 172 854; 200 21 264 1737 1060; 201 83 1738 1008 82;
202 817 43 266 1739; 203 1740 1113 504 1115; 204 1118 1741 1116 526;
205 1119 1742 729 390; 206 334 1120 1743 925; 207 103 1744 695 102;
208 11 1053 1745 235; 209 1123 348 1124 1746; 210 1126 1747 996 352;
211 771 176 177 1748; 212 322 1129 1749 1069; 213 91 1750 709 90;
214 269 1751 743 45; 215 413 1133 1752 1131; 216 1122 1753 884 359;
217 1754 1135 338 753; 218 1755 155 156 788; 219 1138 365 1010 1756;
220 463 738 1757 1141; 221 918 186 187 1758; 222 409 1144 1759 1039;
223 1145 442 1126 1760; 224 1761 897 455 1148; 225 1151 1762 718 357;
226 1763 1152 551 1154; 227 961 1764 272 48; 228 119 120 1765 1065;
229 69 1766 950 68; 230 72 1158 1767 71; 231 10 234 1768 761;
232 1161 1769 1150 450; 233 1164 1770 933 444; 234 1771 1165 413 1166;
235 1772 1084 406 1167; 236 1773 1056 377 900; 237 1170 1774 1168 474;
238 1171 399 1174 1775; 239 988 35 259 1776; 240 1175 667 824 1777;
241 1004 1778 208 209; 242 1108 1779 1179 387; 243 1780 181 182 1181;
244 130 131 1030 1781; 245 421 1184 1782 1182; 246 1783 965 213 214;
247 371 1100 1784 923; 248 1785 1027 365 1138; 249 1786 1186 421 1189;
250 137 138 1787 1107; 251 95 1788 830 94; 252 74 1044 1789 73;
253 1192 5 228 1790; 254 679 300 685 1791; 255 1101 1792 843 370;
256 1793 183 184 919; 257 1011 366 1079 1794; 258 1795 1198 495 1187;
259 1796 1201 332 1120; 260 1003 302 1195 1797; 261 1074 446 1077 1798;
262 239 1799 997 16; 263 374 1078 1800 1208; 264 345 1045 1801 1043;
265 706 292 1212 1802; 266 1803 930 362 1207; 267 1213 508 1018 1804;
268 731 293 1137 1805; 269 401 1204 1806 887; 270 1215 295 789 1807;
271 1221 1808 1218 464; 272 1222 299 1070 1809; 273 1223 494 1226 1810;
274 1229 1811 1227 494; 275 1812 1230 460 1228; 276 1217 297 812 1813;
277 1234 1814 1213 441; 278 1148 455 993 1815; 279 341 1237 1816 1093;
280 1817 876 383 821; 281 1818 1119 390 1241; 282 1130 1819 1242 331;
283 1244 1820 1223 420; 284 1106 290 1110 1821; 285 1190 1822 1246 327;
286 1823 1247 515 793; 287 1824 1250 485 1133; 288 1825 904 469 1252;
289 1826 1139 440 1016; 290 1827 855 310 893; 291 307 1064 1828 1094;
292 1829 1055 287 802; 293 426 1257 1830 1255; 294 1831 986 506 1259;
295 1260 512 1164 1832; 296 499 1262 1833 1261; 297 1834 1151 357 721;
298 335 678 1835 976; 299 1015 317 1196 1836; 300 1183 1837 1033 328;
301 829 1838 1243 329; 302 959 46 269 1839; 303 1175 1840 827 667;
304 1841 1182 330 937; 305 1191 1842 1265 349; 306 1211 391 1267 1843;
307 469 905 1844 1268; 308 1168 473 1240 1845; 309 1245 389 1170 1846;
310 1847 1274 427 1276; 311 1270 1848 1277 564; 312 1157 1849 990 351;
313 363 791 1850 1192; 314 1851 1036 336 1081; 315 331 1242 1852 708;
316 1031 294 1210 1853; 317 1281 1854 878 484; 318 891 303 1203 1855;
319 1856 737 463 1283; 320 522 1285 1857 1284; 321 558 1286 1858 1247;
322 524 1142 1859 1287; 323 1860 941 419 1184; 324 1042 410 1014 1861;
325 321 1166 1862 694; 326 339 762 1863 1007; 327 1125 1864 1123 350;
328 34 845 1865 258; 329 1866 1127 314 1144; 330 1867 1296 342 1005;
331 41 284 1868 726; 332 1869 1136 340 1178; 333 434 1259 1870 1046;
334 1297 394 1216 1871; 335 1159 1872 1260 449; 336 526 1116 1873 1301;
337 377 1252 1874 902; 338 1875 799 388 1239; 339 1299 396 1231 1876;
340 1877 1306 550 1153; 341 1230 1878 699 460; 342 1289 1879 1102 554;
343 1310 567 736 1880; 344 1881 1312 499 1315; 345 577 1318 1882 1316;
346 1319 533 1322 1883; 347 1075 1884 1076 446; 348 1035 665 1001 1885;
349 675 1886 1257 426; 350 259 1887 1251 36; 351 1327 1888 1325 536;
352 543 1329 1889 1198; 353 629 1333 1890 1330; 354 568 1336 1891 1105;
355 1339 1892 1337 565; 356 1893 1200 497 1262; 357 1341 484 879 1894;
358 364 1344 1895 1032; 359 1232 1896 1017 508; 360 1280 1897 1324 424;
361 1348 1898 1346 531; 362 1352 1899 1349 570; 363 1353 392 1214 1900;
364 1292 411 1264 1901; 365 1134 1902 757 452; 366 1903 1295 409 1040;
367 542 1358 1904 1328; 368 552 794 1905 984; 369 1362 1906 1310 553;
370 1364 1907 1050 514; 371 1365 524 1287 1908; 372 1241 390 730 1909;
373 1369 611 1372 1910; 374 901 462 1373 1911; 375 1300 1912 1163 512;
376 1376 620 1377 1913; 377 414 1132 1914 1128; 378 1379 511 1118 1915;
379 1916 1238 465 1117; 380 466 819 1917 1303; 381 1918 805 447 1220;
382 1273 474 1271 1919; 383 1322 1920 1387 535; 384 1921 1261 425 1038;
385 1067 1922 1022 416; 386 1923 1281 484 1341; 387 1924 852 472 1388;
388 686 397 1391 1925; 389 430 1115 1926 1293; 390 1279 1927 230 6;
391 1194 4 227 1928; 392 857 395 1098 1929; 393 1152 1930 1395 551;
394 378 1062 1931 697; 395 1227 530 1400 1932; 396 1401 605 1404 1933;
397 517 1269 1934 1405; 398 1409 1935 1407 578; 399 575 1413 1936 1410;
400 1095 478 1327 1937; 401 1938 1415 577 1417; 402 1418 593 1419 1939;
403 541 1421 1940 1420; 404 1941 1422 603 1424; 405 1942 1364 514 1286;
406 1943 1426 541 1429; 407 1359 654 1393 1944; 408 1323 1945 1307 500;
409 1387 477 1354 1946; 410 1355 1947 1275 503; 411 1346 481 1305 1948;
412 1399 544 1433 1949; 413 1950 1311 509 1285; 414 1951 1383 511 1379;
415 504 1154 1952 1392; 416 1437 519 1221 1953; 417 563 1302 1954 1438;
418 1955 1352 570 1442; 419 784 581 1445 1956; 420 1446 606 1449 1957;
421 1450 555 1380 1958; 422 1959 1301 563 1454; 423 1430 1960 1455 548;
424 1961 1342 540 1427; 425 583 1429 1962 1460; 426 1439 528 1389 1963;
427 1394 480 1414 1964; 428 1424 603 1465 1965; 429 1966 1357 487 1421;
430 1466 608 1468 1967; 431 1968 1469 588 1397; 432 1325 534 1320 1969;
433 1085 404 957 1970; 434 587 1473 1971 1469; 435 1304 517 1405 1972;
436 1973 1460 543 1199; 437 1974 1103 590 1478; 438 1479 619 1482 1975;
439 586 1483 1976 1317; 440 1484 614 1485 1977; 441 1978 1402 627 1488;
442 1491 1979 1489 618; 443 1366 599 1487 1980; 444 518 1283 1981 1494;
445 602 1496 1982 1360; 446 1433 1983 1457 546; 447 614 1371 1984 1485;
448 1500 549 1432 1985; 449 1986 1436 555 1450; 450 530 1398 1987 1400;
451 1470 580 1409 1988; 452 1448 591 1451 1989; 453 1468 1990 1351 600;
454 1331 628 1506 1991; 455 601 1454 1992 1507; 456 539 1462 1993 1278;
457 1411 527 1386 1994; 458 1995 1362 553 1434; 459 1511 615 1514 1996;
460 599 1367 1997 1486; 461 592 1377 1998 1416; 462 1999 1504 625 1496;
463 2000 1428 583 1475; 464 1308 2001 1336 568; 465 2002 1410 573 1503;
466 1089 2003 1511 622; 467 588 1471 2004 1396; 468 1464 566 1435 2005;
469 2006 1423 624 1523; 470 1088 622 1512 2007; 471 1407 537 1348 2008;
472 1508 574 1461 2009; 473 1520 2010 1425 593; 474 1456 2011 1473 587;
475 1478 590 1491 2012; 476 2013 1529 589 1510; 477 2014 1515 602 1361;
478 1530 2015 1480 617; 479 2016 1441 606 1446; 480 1497 2017 1492 585;
481 607 1452 2018 1332; 482 1162 2019 1500 513; 483 1533 2020 1517 610;
484 618 1489 2021 1531; 485 1495 2022 1376 596; 486 2023 1459 579 1516;
487 1534 2024 1369 620; 488 2025 1463 597 1527; 489 1509 582 1519 2026;
490 2027 1518 608 1466; 491 628 1532 2028 1506; 492 2029 1533 610 1536;
493 670 328 669 1537; 494 1537 669 195 196; 495 668 1537 196 197;
496 39 262 1538 672; 497 262 38 671 1538; 498 1539 165 166 674;
499 276 1539 674 53; 500 52 673 1539 276; 501 677 1540 678 335;
502 333 676 1540 677; 503 676 424 675 1540; 504 125 126 1541 681;
505 126 127 680 1541; 506 1541 680 300 679; 507 10 682 1542 234;
508 682 356 683 1542; 509 1543 687 397 686; 510 685 1543 686 399;
511 300 684 1543 685; 512 690 24 247 1544; 513 1544 247 23 689;
514 688 1544 689 660; 515 23 693 1545 246; 516 693 369 692 1545;
517 1545 692 637 691; 518 101 1546 696 100; 519 102 695 1546 101;
520 695 321 694 1546; 521 460 699 1547 700; 522 699 660 698 1547;
523 1547 698 378 697; 524 703 1548 704 435; 525 362 702 1548 703;
526 702 649 701 1548; 527 1549 707 292 706; 528 705 1549 706 294;
529 133 134 1549 705; 530 89 1550 710 88; 531 90 709 1550 89;
532 709 331 708 1550; 533 58 281 1551 712; 534 281 57 711 1551;
535 380 866 1610 713; 536 232 9 715 1553; 537 714 1553 847 1602;
538 1553 715 358 847; 539 1554 717 39 263; 540 716 1554 263 40;
541 692 1554 716 637; 542 719 1555 233 9; 543 357 718 1555 719;
544 1555 718 356 682; 545 722 1556 231 7; 546 361 721 1556 722;
547 721 357 720 1556; 548 1557 677 335 723; 549 87 1557 723 86;
550 88 710 1557 87; 551 1558 265 41 726; 552 725 1558 726 448;
553 384 724 1558 725; 554 144 63 145 1559; 555 1559 145 146 728;
556 727 1559 728 285; 557 1560 732 293 731; 558 730 1560 731 392;
559 390 729 1560 730; 560 567 735 1561 736; 561 735 596 734 1561;
562 1561 734 559 733; 563 376 739 1562 740; 564 1562 739 461 738;
565 737 1562 738 463; 566 245 1563 264 21; 567 22 691 1563 245;
568 691 637 716 1563; 569 45 743 1564 268; 570 743 640 742 1564;
571 1564 742 645 741; 572 49 273 1565 746; 573 273 50 745 1565;
574 1565 745 636 744; 575 749 14 238 1566; 576 1566 238 15 748;
577 747 1566 748 641; 578 752 27 250 1567; 579 751 1567 250 26;
580 750 1567 751 664; 581 1568 755 205 206; 582 754 1568 206 207;
583 340 753 1568 754; 584 758 1569 759 431; 585 452 757 1569 758;
586 757 503 756 1569; 587 9 233 1570 715; 588 233 10 761 1570;
589 1570 761 638 760; 590 337 764 1571 765; 591 764 428 763 1571;
592 1571 763 430 762; 593 767 1572 768 288; 594 139 140 1572 767;
595 140 141 766 1572; 596 770 1573 771 312; 597 310 769 1573 770;
598 769 174 175 1573; 599 47 271 1574 773; 600 271 48 772 1574;
601 1574 772 645 742; 602 777 412 776 1575; 603 1575 776 324 775;
604 774 1575 775 326; 605 1576 151 152 780; 606 779 1576 780 291;
607 289 778 1576 779; 608 1577 279 56 280; 609 781 1577 280 57;
610 54 782 1578 278; 611 1578 782 168 783; 612 538 786 1579 787;
613 786 536 785 1579; 614 1579 785 581 784; 615 1580 157 158 790;
616 789 1580 790 297; 617 295 788 1580 789; 618 552 793 1581 794;
619 793 515 792 1581; 620 1581 792 445 791; 621 78 797 1582 77;
622 797 343 796 1582; 623 1582 796 345 795; 624 1583 278 55 781;
625 1583 781 57 281; 626 798 1583 281 58; 627 802 287 801 1584;
628 1584 801 289 800; 629 799 1584 800 388; 630 55 783 1585 279;
631 783 168 169 1585; 632 1585 169 170 803; 633 1586 807 381 806;
634 805 1586 806 447; 635 471 804 1586 805; 636 114 115 810 1587;
637 1587 810 309 809; 638 808 1587 809 311; 639 780 152 153 1588;
640 1588 153 154 811; 641 732 1588 811 293; 642 790 158 159 1589;
643 1589 159 160 813; 644 812 1589 813 299; 645 109 110 1590 816;
646 110 111 815 1590; 647 1590 815 313 814; 648 818 44 267 1591;
649 1591 267 43 817; 650 465 821 1592 822; 651 821 383 820 1592;
652 1592 820 384 819; 653 230 7 823 1593; 654 229 1593 823 5;
655 827 666 826 1594; 656 1594 826 375 825; 657 824 1594 825 459;
658 830 327 829 1595; 659 1595 829 329 828; 660 93 1595 828 92;
661 1596 833 325 832; 662 97 1596 832 96; 663 98 831 1596 97;
664 835 1597 241 18; 665 835 358 747 1597; 666 1597 747 641 834;
667 5 823 1598 228; 668 823 7 231 1598; 669 1598 231 8 714;
670 837 1599 838 367; 671 1 244 1599 837; 672 244 20 836 1599;
673 841 1600 842 373; 674 457 840 1600 841; 675 840 656 839 1600;
676 257 1601 845 34; 677 33 844 1601 257; 678 844 370 843 1601;
679 4 714 1602 227; 680 846 1602 847 646; 681 1603 713 59 283;
682 849 1603 283 60; 683 635 848 1603 849; 684 852 1604 853 472;
685 448 851 1604 852; 686 851 385 850 1604; 687 308 854 1605 855;
688 854 172 173 1605; 689 1605 173 174 769; 690 1606 858 395 857;
691 687 1606 857 397; 692 298 856 1606 687; 693 267 1607 860 43;
694 44 741 1607 267; 695 741 645 859 1607; 696 225 1608 244 1;
697 2 862 1608 225; 698 862 639 861 1608; 699 864 1609 865 385;
700 60 283 1609 864; 701 283 59 863 1609; 702 866 53 277 1610;
703 1610 277 54 798; 704 1552 798 58 282; 705 265 1611 284 41;
706 42 867 1611 265; 707 867 635 849 1611; 708 314 869 1612 870;
709 869 178 179 1612; 710 1612 179 180 868; 711 241 17 873 1613;
712 1613 873 366 872; 713 871 1613 872 663; 714 51 874 1614 275;
715 874 162 163 1614; 716 1614 163 164 673; 717 1615 268 44 818;
718 876 1615 818 383; 719 382 875 1615 876; 720 879 1616 880 486;
721 484 878 1616 879; 722 878 405 877 1616; 723 43 860 1617 266;
724 860 380 848 1617; 725 1617 848 635 867; 726 29 253 1618 2030;
727 253 30 881 1618; 728 881 1683 920 1618; 729 885 359 884 1619;
730 1619 884 452 883; 731 882 1619 883 649; 732 402 888 1620 889;
733 888 401 887 1620; 734 1620 887 655 886; 735 122 123 892 1621;
736 1621 892 303 891; 737 890 1621 891 304; 738 1622 712 306 863;
739 59 282 1622 863; 740 877 1623 894 407; 741 405 893 1623 877;
742 893 310 770 1623; 743 897 1624 898 455; 744 507 896 1624 897;
745 896 454 895 1624; 746 226 1625 862 2; 747 3 846 1625 226;
748 1625 846 646 899; 749 1626 902 462 901; 750 739 1626 901 461;
751 376 900 1626 739; 752 1627 835 18 242; 753 903 1627 242 19;
754 646 847 1627 903; 755 1628 906 516 905; 756 904 1628 905 469;
757 657 839 1628 904; 758 749 1629 237 14; 759 358 760 1629 749;
760 760 638 907 1629; 761 40 263 1630 908; 762 263 39 672 1630;
763 672 376 740 1630; 764 910 1631 248 25; 765 27 251 1631 910;
766 251 28 909 1631; 767 1632 913 320 912; 768 776 1632 912 324;
769 412 911 1632 776; 770 353 916 1633 917; 771 916 443 915 1633;
772 1633 915 354 914; 773 919 184 185 1634; 774 1634 185 186 918;
775 913 1634 918 320; 776 1635 256 33 921; 777 889 371 923 1636;
778 1636 923 32 255; 779 922 1636 255 31; 780 926 334 925 1637;
781 1637 925 201 202; 782 924 1637 202 203; 783 850 1638 928 403;
784 385 865 1638 850; 785 865 306 927 1638; 786 930 1639 702 362;
787 648 929 1639 930; 788 929 650 882 1639; 789 444 933 1640 934;
790 933 513 932 1640; 791 1640 932 453 931; 792 1641 936 189 190;
793 935 1641 190 191; 794 324 912 1641 935; 795 1642 668 197 198;
796 938 1642 198 199; 797 332 937 1642 938; 798 941 1643 942 419;
799 493 940 1643 941; 800 940 489 939 1643; 801 274 51 275 1644;
802 1644 275 52 943; 803 745 1644 943 636; 804 1645 276 53 866;
805 744 1645 866 380; 806 636 943 1645 744; 807 1646 946 37 261;
808 945 1646 261 38; 809 644 944 1646 945; 810 115 116 1647 810;
811 116 117 948 1647; 812 1647 948 307 947; 813 68 950 1648 67;
814 950 353 917 1648; 815 1648 917 355 949; 816 861 1649 243 20;
817 639 899 1649 861; 818 899 646 903 1649; 819 1650 954 402 953;
820 952 1650 953 368; 821 305 951 1650 952; 822 957 1651 958 556;
823 404 956 1651 957; 824 956 647 955 1651; 825 806 381 960 1652;
826 1652 960 47 270; 827 959 1652 270 46; 828 1653 961 48 271;
829 960 1653 271 47; 830 801 1654 778 289; 831 287 962 1654 801;
832 962 148 149 1654; 833 815 1655 963 313; 834 111 112 1655 815;
835 112 113 808 1655; 836 1656 966 211 212; 837 965 1656 212 213;
838 346 964 1656 965; 839 969 315 968 1657; 840 1657 968 319 967;
841 105 1657 967 104; 842 814 313 971 1658; 843 1658 971 408 970;
844 968 1658 970 319; 845 247 1659 693 23; 846 24 909 1659 247;
847 28 252 1668 909; 848 974 1660 220 221; 849 354 973 1660 974;
850 973 352 972 1660; 851 86 723 1661 85; 852 723 335 976 1661;
853 1661 976 337 975; 854 26 250 1662 249; 855 250 27 910 1662;
856 1663 874 51 274; 857 978 1663 274 50; 858 301 977 1663 978;
859 981 1664 896 507; 860 506 980 1664 981; 861 980 653 979 1664;
862 1665 758 431 982; 863 701 1665 982 433; 864 649 883 1665 701;
865 1666 239 16 240; 866 834 1666 240 17; 867 641 748 1666 834;
868 717 1667 262 39; 869 369 983 1667 717; 870 983 644 945 1667;
871 1659 2030 369 693; 872 986 1669 980 506; 873 505 985 1669 986;
874 985 552 984 1669; 875 53 674 1670 277; 876 674 166 167 1670;
877 1670 167 168 782; 878 921 33 257 1671; 879 1671 257 34 987;
880 1671 987 644 983; 881 1672 258 35 988; 882 1672 988 642 944;
883 987 1672 944 644; 884 351 990 1673 991; 885 990 441 989 1673;
886 1673 989 443 916; 887 1674 837 367 994; 888 993 1674 994 468;
889 455 992 1674 993; 890 272 49 746 1675; 891 1675 746 380 859;
892 772 1675 859 645; 893 996 350 995 1676; 894 1676 995 217 218;
895 972 1676 218 219; 896 873 1677 998 366; 897 17 240 1677 873;
898 240 16 997 1677; 899 907 1678 236 13; 900 638 999 1678 907;
901 1679 719 9 232; 902 8 720 1679 232; 903 1680 1002 30 253;
904 1001 1680 253 29; 905 665 1000 1680 1001; 906 892 1681 1003 303;
907 123 124 1681 892; 908 124 125 681 1681; 909 966 1682 210 211;
910 344 1005 1682 966; 911 1005 342 1004 1682; 912 254 31 255 1683;
913 1683 255 32 920; 914 2030 1635 921 369; 915 1008 339 1007 1684;
916 1684 1007 341 1006; 917 81 1684 1006 80; 918 1010 1685 1011 438;
919 365 1009 1685 1010; 920 1009 663 872 1685; 921 1014 1686 1015 411;
922 410 1013 1686 1014; 923 1013 316 1012 1686; 924 1018 1687 1019 442;
925 508 1017 1687 1018; 926 1017 467 1016 1687; 927 752 1688 251 27;
928 372 955 1688 752; 929 955 647 1020 1688; 930 1023 1689 1024 418;
931 416 1022 1689 1023; 932 1022 491 1021 1689; 933 1690 248 24 690;
934 826 1690 690 375; 935 666 1025 1690 826; 936 1026 1691 222 223;
937 355 914 1691 1026; 938 914 354 974 1691; 939 19 242 1692 1027;
940 242 18 871 1692; 941 1692 871 663 1009; 942 12 1029 1693 236;
943 1029 359 885 1693; 944 1693 885 650 1028; 945 132 133 705 1694;
946 1694 705 294 1031; 947 1030 1694 1031 296; 948 1695 1032 2 225;
949 1695 225 1 992; 950 455 898 1695 992; 951 1696 816 315 969;
952 107 1696 969 106; 953 62 108 1696 107; 954 1697 1034 193 194;
955 669 1697 194 195; 956 328 1033 1697 669; 957 956 1698 1035 647;
958 1083 1729 956 404; 959 1002 1699 254 30; 960 368 953 1699 1002;
961 953 402 922 1699; 962 1038 425 1037 1700; 963 1700 1037 334 926;
964 1036 1700 926 336; 965 1041 1701 1042 488; 966 487 1040 1701 1041;
967 1040 409 1039 1701; 968 75 1702 1044 74; 969 76 795 1702 75;
970 795 345 1043 1702; 971 1047 434 1046 1703; 972 1703 1046 436 1045;
973 796 1703 1045 345; 974 514 1050 1704 1051; 975 1050 451 1049 1704;
976 1704 1049 361 1048; 977 1705 934 360 1053; 978 683 1705 1053 11;
979 356 1052 1705 683; 980 326 775 1706 1034; 981 775 324 935 1706;
982 1706 935 191 192; 983 142 143 727 1707; 984 1707 727 285 1054;
985 766 1707 1054 286; 986 1708 147 148 962; 987 1055 1708 962 287;
988 285 728 1708 1055; 989 36 1251 1709 260; 990 37 260 1709 1056;
991 1710 1059 539 1058; 992 906 1710 1058 516; 993 656 1057 1710 906;
994 1061 1711 1062 378; 995 1061 22 245 1711; 996 245 21 1060 1711;
997 711 1712 1063 306; 998 57 280 1712 711; 999 280 56 803 1712;
1000 65 1713 224 61; 1001 66 949 1713 65; 1002 949 355 1026 1713;
1003 1714 1065 305 1064; 1004 948 1714 1064 307; 1005 117 118 1714 948;
1006 323 1068 1715 833; 1007 1068 415 1067 1715; 1008 1715 1067 416 1066;
1009 696 322 1069 1716; 1010 1716 1069 323 831; 1011 99 1716 831 98;
1012 1070 1717 977 301; 1013 299 813 1717 1070; 1014 813 160 161 1717;
1015 237 1718 1071 14; 1016 13 1028 1718 237; 1017 1028 650 929 1718;
1018 1719 1075 446 1074; 1019 1073 1719 1074 490; 1020 485 1072 1719 1073;
1021 1077 1720 1078 374; 1022 446 1076 1720 1077; 1023 1076 664 751 1720;
1024 998 435 1080 1721; 1025 1721 1080 344 964; 1026 1079 1721 964 346;
1027 755 1722 204 205; 1028 338 1081 1722 755; 1029 1081 336 924 1722;
1030 1723 978 50 273; 1031 1082 1723 273 49; 1032 1084 1724 1085 406;
1033 311 809 1724 1084; 1034 809 309 1083 1724; 1035 128 129 1086 1725;
1036 1725 1086 298 684; 1037 680 1725 684 300; 1038 1090 595 1089 1726;
1039 1726 1089 622 1088; 1040 1087 1726 1088 598; 1041 483 1091 1727 1092;
1042 1091 482 1057 1727; 1043 1727 1057 656 840; 1044 1006 341 1093 1728;
1045 1728 1093 343 797; 1046 79 1728 797 78; 1047 947 307 1094 1729;
1048 1094 665 1035 1698; 1049 1729 1094 1698 956; 1050 395 1097 1730 1098;
1051 1097 393 1096 1730; 1052 1730 1096 478 1095; 1053 1731 1101 370 1100;
1054 371 886 1731 1100; 1055 655 1099 1731 886; 1056 1732 1105 604 1104;
1057 1103 1732 1104 590; 1058 554 1102 1732 1103; 1059 1733 246 22 1061;
1060 698 1733 1061 378; 1061 660 689 1733 698; 1062 135 136 1734 707;
1063 136 137 1107 1734; 1064 1734 1107 290 1106; 1065 1110 1735 1111 389;
1066 290 1109 1735 1110; 1067 1109 288 1108 1735; 1068 927 1736 854 308;
1069 306 1063 1736 927; 1070 1063 170 171 1736; 1071 264 40 908 1737;
1072 1737 908 379 1112; 1073 1060 1737 1112 470; 1074 84 975 1738 83;
1075 975 337 765 1738; 1076 1738 765 339 1008; 1077 1739 266 42 724;
1078 820 1739 724 384; 1079 383 817 1739 820; 1080 763 1740 1115 430;
1081 428 1114 1740 763; 1082 1114 502 1113 1740; 1083 511 1117 1741 1118;
1084 1117 465 822 1741; 1085 1741 822 466 1116; 1086 388 800 1742 1119;
1087 800 289 779 1742; 1088 1742 779 291 729; 1089 1120 332 938 1743;
1090 1743 938 199 200; 1091 925 1743 200 201; 1092 104 967 1744 103;
1093 967 319 1121 1744; 1094 1744 1121 321 695; 1095 1053 360 1122 1745;
1096 1745 1122 359 1029; 1097 235 1745 1029 12; 1098 1746 1124 215 216;
1099 995 1746 216 217; 1100 350 1123 1746 995; 1101 442 1019 1747 1126;
1102 1019 440 1125 1747; 1103 1747 1125 350 996; 1104 1748 177 178 869;
1105 1127 1748 869 314; 1106 312 771 1748 1127; 1107 1129 414 1128 1749;
1108 1749 1128 415 1068; 1109 1069 1749 1068 323; 1110 92 828 1750 91;
1111 828 329 1130 1750; 1112 1750 1130 331 709; 1113 46 270 1751 269;
1114 270 47 773 1751; 1115 1751 773 640 743; 1116 1133 485 1073 1752;
1117 1752 1073 490 1132; 1118 1131 1752 1132 414; 1119 360 931 1753 1122;
1120 931 453 1134 1753; 1121 1753 1134 452 884; 1122 1136 1754 753 340;
1123 431 759 1754 1136; 1124 759 429 1135 1754; 1125 1137 1755 788 295;
1126 293 811 1755 1137; 1127 811 154 155 1755; 1128 1756 1010 438 1140;
1129 1139 1756 1140 440; 1130 643 1138 1756 1139; 1131 738 461 1143 1757;
1132 1757 1143 510 1142; 1133 1141 1757 1142 524; 1134 1758 187 64 188;
1135 936 1758 188 189; 1136 320 918 1758 936; 1137 1144 314 870 1759;
1138 1759 870 316 1013; 1139 1039 1759 1013 410; 1140 1760 1126 352 973;
1141 915 1760 973 354; 1142 443 1145 1760 915; 1143 1147 1761 1148 437;
1144 436 1146 1761 1147; 1145 1146 507 897 1761; 1146 450 1150 1762 1151;
1147 1150 449 1149 1762; 1148 1762 1149 356 718; 1149 1113 1763 1154 504;
1150 502 1153 1763 1113; 1151 1153 550 1152 1763; 1152 381 1155 1764 961;
1153 1155 301 1082 1764; 1154 1764 1082 49 272; 1155 120 121 890 1765;
1156 1765 890 304 951; 1157 1065 1765 951 305; 1158 70 1156 1766 69;
1159 1156 351 991 1766; 1160 1766 991 353 950; 1161 1158 349 1157 1767;
1162 1767 1157 351 1156; 1163 71 1767 1156 70; 1164 234 11 235 1768;
1165 1768 235 12 999; 1166 761 1768 999 638; 1167 509 1160 1769 1161;
1168 1160 521 1159 1769; 1169 1769 1159 449 1150; 1170 512 1163 1770 1164;
1171 1163 557 1162 1770; 1172 1770 1162 513 933; 1173 1121 1771 1166 321;
1174 319 970 1771 1121; 1175 970 408 1165 1771; 1176 971 1772 1167 408;
1177 313 963 1772 971; 1178 963 311 1084 1772; 1179 671 1773 900 376;
1180 38 261 1773 671; 1181 261 37 1056 1773; 1182 389 1111 1774 1170;
1183 1111 387 1169 1774; 1184 1774 1169 473 1168; 1185 1775 1174 483 1173;
1186 1172 1775 1173 456; 1187 400 1171 1775 1172; 1188 1776 259 36 260;
1189 946 1776 260 37; 1190 642 988 1776 946; 1191 1777 824 459 1177;
1192 1176 1777 1177 491; 1193 458 1175 1777 1176; 1194 342 1178 1778 1004;
1195 1178 340 754 1778; 1196 1778 754 207 208; 1197 288 768 1779 1108;
1198 768 286 1180 1779; 1199 1779 1180 386 1179; 1200 1012 1780 1181 317;
1201 316 868 1780 1012; 1202 868 180 181 1780; 1203 1781 1030 296 856;
1204 1086 1781 856 298; 1205 129 130 1781 1086; 1206 1184 419 1183 1782;
1207 1782 1183 328 670; 1208 1182 1782 670 330; 1209 1124 1783 214 215;
1210 348 1185 1783 1124; 1211 1185 346 965 1783; 1212 1784 1100 370 844;
1213 256 1784 844 33; 1214 32 923 1784 256; 1215 836 1785 1138 643;
1216 20 243 1785 836; 1217 243 19 1027 1785; 1218 1188 1786 1189 423;
1219 497 1187 1786 1188; 1220 1187 495 1186 1786; 1221 138 139 767 1787;
1222 1787 767 288 1109; 1223 1107 1787 1109 290; 1224 96 832 1788 95;
1225 832 325 1190 1788; 1226 1788 1190 327 830; 1227 1044 347 1191 1789;
1228 1789 1191 349 1158; 1229 73 1789 1158 72; 1230 1790 228 4 1194;
1231 1193 1790 1194 654; 1232 1193 363 1192 1790; 1233 1791 685 399 1171;
1234 1195 1791 1171 400; 1235 302 679 1791 1195; 1236 456 1173 1792 1101;
1237 1173 483 1092 1792; 1238 1792 1092 457 843; 1239 1196 1793 919 318;
1240 317 1181 1793 1196; 1241 1181 182 183 1793; 1242 1794 1079 346 1185;
1243 1197 1794 1185 348; 1244 438 1011 1794 1197; 1245 1200 1795 1187 497;
1246 545 1199 1795 1200; 1247 1199 543 1198 1795; 1248 1037 1796 1120 334;
1249 425 1202 1796 1037; 1250 1202 423 1201 1796; 1251 1797 1195 400 1204;
1252 1203 1797 1204 401; 1253 303 1003 1797 1203; 1254 1798 1077 374 1206;
1255 1205 1798 1206 458; 1256 490 1074 1798 1205; 1257 15 1207 1799 239;
1258 1207 362 703 1799; 1259 997 1799 703 435; 1260 1078 26 249 1800;
1261 1800 249 25 1025; 1262 1208 1800 1025 666; 1263 1045 436 1147 1801;
1264 1801 1147 437 1209; 1265 1043 1801 1209 347; 1266 1802 1212 391 1211;
1267 1210 1802 1211 393; 1268 294 706 1802 1210; 1269 238 1803 1207 15;
1270 14 1071 1803 238; 1271 1071 648 930 1803; 1272 1804 1018 442 1145;
1273 989 1804 1145 443; 1274 441 1213 1804 989; 1275 1805 1137 295 1215;
1276 1214 1805 1215 394; 1277 392 731 1805 1214; 1278 1204 400 1172 1806;
1279 1806 1172 456 1099; 1280 887 1806 1099 655; 1281 1807 789 297 1217;
1282 1216 1807 1217 396; 1283 394 1215 1807 1216; 1284 519 1220 1808 1221;
1285 1220 447 1219 1808; 1286 1808 1219 382 1218; 1287 1809 1070 301 1155;
1288 807 1809 1155 381; 1289 398 1222 1809 807; 1290 1810 1226 496 1225;
1291 1224 1810 1225 422; 1292 420 1223 1810 1224; 1293 492 1228 1811 1229;
1294 1228 460 700 1811; 1295 1811 700 530 1227; 1296 1021 1812 1228 492;
1297 491 1177 1812 1021; 1298 1177 459 1230 1812; 1299 1813 812 299 1222;
1300 1231 1813 1222 398; 1301 396 1217 1813 1231; 1302 439 1233 1814 1234;
1303 1233 468 1232 1814; 1304 1814 1232 508 1213; 1305 1815 993 468 1233;
1306 1235 1815 1233 439; 1307 437 1148 1815 1235; 1308 1237 432 1236 1816;
1309 1816 1236 434 1047; 1310 1093 1816 1047 343; 1311 1238 1817 821 465;
1312 464 1218 1817 1238; 1313 1218 382 876 1817; 1314 1240 1818 1241 475;
1315 473 1239 1818 1240; 1316 1239 388 1119 1818; 1317 329 1243 1819 1130;
1318 1243 420 1224 1819; 1319 1819 1224 422 1242; 1320 418 1024 1820 1244;
1321 1024 492 1229 1820; 1322 1820 1229 494 1223; 1323 1821 1110 389 1245;
1324 1212 1821 1245 391; 1325 292 1106 1821 1212; 1326 325 1066 1822 1190;
1327 1066 416 1023 1822; 1328 1822 1023 418 1246; 1329 1249 1823 793 552;
1330 551 1248 1823 1249; 1331 1248 558 1247 1823; 1332 1165 1824 1133 413;
1333 408 1167 1824 1165; 1334 1167 406 1250 1824; 1335 1056 1825 1252 377;
1336 1251 657 904 1825; 1337 1253 1826 1016 467; 1338 367 838 1826 1253;
1339 838 643 1139 1826; 1340 1254 1827 893 405; 1341 403 928 1827 1254;
1342 928 308 855 1827; 1343 1064 305 952 1828; 1344 1828 952 368 1000;
1345 1094 1828 1000 665; 1346 1180 1829 802 386; 1347 286 1054 1829 1180;
1348 1054 285 1055 1829; 1349 1257 500 1256 1830; 1350 1830 1256 502 1114;
1351 1255 1830 1114 428; 1352 1236 1831 1259 434; 1353 432 1258 1831 1236;
1354 1258 505 986 1831; 1355 1832 1164 444 1052; 1356 1149 1832 1052 356;
1357 449 1260 1832 1149; 1358 1262 497 1188 1833; 1359 1833 1188 423 1202;
1360 1261 1833 1202 425; 1361 1049 1834 721 361; 1362 451 1263 1834 1049;
1363 1263 450 1151 1834; 1364 678 426 1255 1835; 1365 1835 1255 428 764;
1366 976 1835 764 337; 1367 1836 1196 318 911; 1368 1264 1836 911 412;
1369 411 1015 1836 1264; 1370 419 942 1837 1183; 1371 942 417 774 1837;
1372 1837 774 326 1033; 1373 327 1246 1838 829; 1374 1246 418 1244 1838;
1375 1838 1244 420 1243; 1376 1839 269 45 875; 1377 1219 1839 875 382;
1378 447 959 1839 1219; 1379 458 1206 1840 1175; 1380 1206 374 1208 1840;
1381 1840 1208 666 827; 1382 1201 1841 937 332; 1383 423 1189 1841 1201;
1384 1189 421 1182 1841; 1385 347 1209 1842 1191; 1386 1209 437 1235 1842;
1387 1842 1235 439 1265; 1388 1843 1267 476 1266; 1389 1096 1843 1266 478;
1390 393 1211 1843 1096; 1391 905 516 1270 1844; 1392 1844 1270 564 1269;
1393 1268 1844 1269 517; 1394 1845 1240 475 1272; 1395 1271 1845 1272 533;
1396 474 1168 1845 1271; 1397 1846 1170 474 1273; 1398 1267 1846 1273 476;
1399 391 1245 1846 1267; 1400 756 1847 1276 429; 1401 503 1275 1847 756;
1402 1275 501 1274 1847; 1403 516 1058 1848 1270; 1404 1058 539 1278 1848;
1405 1848 1278 594 1277; 1406 349 1265 1849 1157; 1407 1265 439 1234 1849;
1408 1849 1234 441 990; 1409 791 445 1279 1850; 1410 1850 1279 6 229;
1411 1192 1850 229 5; 1412 1135 1851 1081 338; 1413 429 1276 1851 1135;
1414 1276 427 1036 1851; 1415 1242 422 1280 1852; 1416 1852 1280 424 676;
1417 708 1852 676 333; 1418 1853 1210 393 1097; 1419 858 1853 1097 395;
1420 296 1031 1853 858; 1421 472 853 1854 1281; 1422 853 403 1254 1854;
1423 1854 1254 405 878; 1424 1855 1203 401 888; 1425 954 1855 888 402;
1426 304 891 1855 954; 1427 1282 1856 1283 518; 1428 470 1112 1856 1282;
1429 1112 379 737 1856; 1430 1285 509 1161 1857; 1431 1857 1161 450 1263;
1432 1284 1857 1263 451; 1433 1286 514 1051 1858; 1434 1858 1051 445 792;
1435 1247 1858 792 515; 1436 1142 510 1289 1859; 1437 1859 1289 554 1288;
1438 1287 1859 1288 569; 1439 1186 1860 1184 421; 1440 495 1290 1860 1186;
1441 1290 493 941 1860; 1442 1861 1014 411 1292; 1443 1291 1861 1292 489;
1444 488 1042 1861 1291; 1445 1166 413 1131 1862; 1446 1862 1131 414 1129;
1447 694 1862 1129 322; 1448 762 430 1293 1863; 1449 1863 1293 432 1237;
1450 1007 1863 1237 341; 1451 440 1140 1864 1125; 1452 1140 438 1197 1864;
1453 1864 1197 348 1123; 1454 845 457 841 1865; 1455 1865 841 373 1294;
1456 258 1865 1294 35; 1457 1295 1866 1144 409; 1458 407 894 1866 1295;
1459 894 312 1127 1866; 1460 1080 1867 1005 344; 1461 435 704 1867 1080;
1462 704 433 1296 1867; 1463 284 60 864 1868; 1464 1868 864 385 851;
1465 726 1868 851 448; 1466 1296 1869 1178 342; 1467 433 982 1869 1296;
1468 982 431 1136 1869; 1469 1259 506 981 1870; 1470 1870 981 507 1146;
1471 1046 1870 1146 436; 1472 1871 1216 396 1299; 1473 1298 1871 1299 481;
1474 479 1297 1871 1298; 1475 521 733 1872 1159; 1476 733 559 1300 1872;
1477 1872 1300 512 1260; 1478 1116 466 1303 1873; 1479 1873 1303 520 1302;
1480 1301 1873 1302 563; 1481 1252 469 1268 1874; 1482 1874 1268 517 1304;
1483 902 1874 1304 462; 1484 1169 1875 1239 473; 1485 387 1179 1875 1169;
1486 1179 386 799 1875; 1487 1876 1231 398 804; 1488 1305 1876 804 471;
1489 481 1299 1876 1305; 1490 1256 1877 1153 502; 1491 500 1307 1877 1256;
1492 1307 548 1306 1877; 1493 459 825 1878 1230; 1494 825 375 688 1878;
1495 1878 688 660 699; 1496 510 1309 1879 1289; 1497 1309 523 1308 1879;
1498 1879 1308 568 1102; 1499 1880 736 521 1160; 1500 1311 1880 1160 509;
1501 553 1310 1880 1311; 1502 1314 1881 1315 501; 1503 549 1313 1881 1314;
1504 1313 547 1312 1881; 1505 1318 586 1317 1882; 1506 1882 1317 547 1313;
1507 1316 1882 1313 549; 1508 1883 1322 535 1321; 1509 1320 1883 1321 580;
1510 534 1319 1883 1320; 1511 556 958 1884 1075; 1512 958 372 750 1884;
1513 1884 750 664 1076; 1514 1885 1001 29 252; 1515 1020 1885 252 28;
1516 647 1035 1885 1020; 1517 424 1324 1886 675; 1518 1324 498 1323 1886;
1519 1886 1323 500 1257; 1520 35 1294 1887 259; 1521 1294 373 842 1887;
1522 1887 842 657 1251; 1523 478 1266 1888 1327; 1524 1266 476 1326 1888;
1525 1888 1326 534 1325; 1526 1329 542 1328 1889; 1527 1889 1328 493 1290;
1528 1198 1889 1290 495; 1529 1333 607 1332 1890; 1530 1890 1332 628 1331;
1531 1330 1890 1331 661; 1532 1336 598 1335 1891; 1533 1891 1335 626 1334;
1534 1105 1891 1334 604; 1535 572 1338 1892 1339; 1536 1338 470 1282 1892;
1537 1892 1282 518 1337; 1538 1312 1893 1262 499; 1539 547 1340 1893 1312;
1540 1340 545 1200 1893; 1541 1894 879 486 1343; 1542 1342 1894 1343 540;
1543 532 1341 1894 1342; 1544 1344 3 226 1895; 1545 1032 1895 226 2;
1546 468 994 1896 1232; 1547 994 367 1253 1896; 1548 1896 1253 467 1017;
1549 422 1225 1897 1280; 1550 1225 496 1345 1897; 1551 1897 1345 498 1324;
1552 537 1347 1898 1348; 1553 1347 479 1298 1898; 1554 1898 1298 481 1346;
1555 600 1351 1899 1352; 1556 1351 562 1350 1899; 1557 1899 1350 525 1349;
1558 1900 1214 394 1297; 1559 1354 1900 1297 479; 1560 477 1353 1900 1354;
1561 1901 1264 412 777; 1562 939 1901 777 417; 1563 489 1292 1901 939;
1564 453 1356 1902 1134; 1565 1356 529 1355 1902; 1566 1902 1355 503 757;
1567 1357 1903 1040 487; 1568 486 880 1903 1357; 1569 880 407 1295 1903;
1570 1358 488 1291 1904; 1571 1904 1291 489 940; 1572 1328 1904 940 493;
1573 794 363 1193 1905; 1574 1905 1193 654 1359; 1575 984 1905 1359 653;
1576 589 1361 1906 1362; 1577 1361 602 1360 1906; 1578 1906 1360 567 1310;
1579 560 1363 1907 1364; 1580 1363 522 1284 1907; 1581 1907 1284 451 1050;
1582 1908 1287 569 1367; 1583 1366 1908 1367 599; 1584 651 1365 1908 1366;
1585 1909 730 392 1353; 1586 1368 1909 1353 477; 1587 475 1241 1909 1368;
1588 1910 1372 613 1371; 1589 1370 1910 1371 614; 1590 620 1369 1910 1370;
1591 1911 1373 523 1309; 1592 1143 1911 1309 510; 1593 461 901 1911 1143;
1594 559 1375 1912 1300; 1595 1375 592 1374 1912; 1596 1912 1374 557 1163;
1597 1913 1377 592 1375; 1598 734 1913 1375 559; 1599 596 1376 1913 734;
1600 1132 490 1205 1914; 1601 1914 1205 458 1378; 1602 1128 1914 1378 415;
1603 1915 1118 526 1381; 1604 1380 1915 1381 571; 1605 555 1379 1915 1380;
1606 1383 1916 1117 511; 1607 525 1382 1916 1383; 1608 1382 464 1238 1916;
1609 819 384 725 1917; 1610 1917 725 448 1384; 1611 1303 1917 1384 520;
1612 1386 1918 1220 519; 1613 527 1385 1918 1386; 1614 1385 471 805 1918;
1615 1919 1271 533 1319; 1616 1326 1919 1319 534; 1617 476 1273 1919 1326;
1618 533 1272 1920 1322; 1619 1272 475 1368 1920; 1620 1920 1368 477 1387;
1621 1274 1921 1038 427; 1622 501 1315 1921 1274; 1623 1315 499 1261 1921;
1624 415 1378 1922 1067; 1625 1378 458 1176 1922; 1626 1922 1176 491 1022;
1627 1389 1923 1341 532; 1628 528 1388 1923 1389; 1629 1388 472 1281 1923;
1630 1390 1924 1388 528; 1631 520 1384 1924 1390; 1632 1384 448 852 1924;
1633 1925 1391 482 1091; 1634 1174 1925 1091 483; 1635 399 686 1925 1174;
1636 1115 504 1392 1926; 1637 1926 1392 505 1258; 1638 1293 1926 1258 432;
1639 445 1048 1927 1279; 1640 1048 361 722 1927; 1641 1927 722 7 230;
1642 1928 227 3 1344; 1643 1393 1928 1344 364; 1644 654 1194 1928 1393;
1645 1929 1098 480 1394; 1646 1391 1929 1394 482; 1647 397 857 1929 1391;
1648 550 1397 1930 1152; 1649 1397 588 1396 1930; 1650 1930 1396 658 1395;
1651 1062 470 1338 1931; 1652 1931 1338 572 1398; 1653 697 1931 1398 530;
1654 1932 1400 544 1399; 1655 1226 1932 1399 496; 1656 494 1227 1932 1226;
1657 1933 1404 630 1403; 1658 1402 1933 1403 627; 1659 662 1401 1933 1402;
1660 1269 564 1406 1934; 1661 1934 1406 595 1090; 1662 1405 1934 1090 561;
1663 580 1321 1935 1409; 1664 1321 535 1408 1935; 1665 1935 1408 537 1407;
1666 1413 531 1412 1936; 1667 1936 1412 527 1411; 1668 1410 1936 1411 573;
1669 1937 1327 536 786; 1670 1414 1937 786 538; 1671 480 1095 1937 1414;
1672 1374 1938 1417 557; 1673 592 1416 1938 1374; 1674 1416 652 1415 1938;
1675 1939 1419 558 1248; 1676 1395 1939 1248 551; 1677 658 1418 1939 1395;
1678 1421 487 1041 1940; 1679 1940 1041 488 1358; 1680 1420 1940 1358 542;
1681 1423 1941 1424 624; 1682 627 1403 1941 1423; 1683 1403 630 1422 1941;
1684 1419 1942 1286 558; 1685 593 1425 1942 1419; 1686 1425 560 1364 1942;
1687 1428 1943 1429 583; 1688 579 1427 1943 1428; 1689 1427 540 1426 1943;
1690 1944 1393 364 895; 1691 979 1944 895 454; 1692 653 1359 1944 979;
1693 498 1431 1945 1323; 1694 1431 546 1430 1945; 1695 1945 1430 548 1307;
1696 1946 1354 479 1347; 1697 1408 1946 1347 537; 1698 535 1387 1946 1408;
1699 529 1432 1947 1355; 1700 1432 549 1314 1947; 1701 1947 1314 501 1275;
1702 1948 1305 471 1385; 1703 1412 1948 1385 527; 1704 531 1346 1948 1412;
1705 1949 1433 546 1431; 1706 1345 1949 1431 498; 1707 496 1399 1949 1345;
1708 1435 1950 1285 522; 1709 566 1434 1950 1435; 1710 1434 553 1311 1950;
1711 1436 1951 1379 555; 1712 570 1349 1951 1436; 1713 1349 525 1383 1951;
1714 1154 551 1249 1952; 1715 1952 1249 552 985; 1716 1392 1952 985 505;
1717 1953 1221 464 1382; 1718 1350 1953 1382 525; 1719 562 1437 1953 1350;
1720 1302 520 1390 1954; 1721 1954 1390 528 1439; 1722 1438 1954 1439 574;
1723 1441 1955 1442 606; 1724 626 1440 1955 1441; 1725 1440 600 1352 1955;
1726 1956 1445 612 1444; 1727 1443 1956 1444 615; 1728 582 784 1956 1443;
1729 1957 1449 591 1448; 1730 1447 1957 1448 619; 1731 631 1446 1957 1447;
1732 1958 1380 571 1452; 1733 1451 1958 1452 607; 1734 591 1450 1958 1451;
1735 1453 1959 1454 601; 1736 571 1381 1959 1453; 1737 1381 526 1301 1959;
1738 546 1457 1960 1430; 1739 1457 585 1456 1960; 1740 1960 1456 587 1455;
1741 1459 1961 1427 579; 1742 576 1458 1961 1459; 1743 1458 532 1342 1961;
1744 1429 541 1420 1962; 1745 1962 1420 542 1329; 1746 1460 1962 1329 543;
1747 1963 1389 532 1458; 1748 1461 1963 1458 576; 1749 574 1439 1963 1461;
1750 1964 1414 538 1462; 1751 1059 1964 1462 539; 1752 482 1394 1964 1059;
1753 1965 1465 566 1464; 1754 1463 1965 1464 597; 1755 624 1424 1965 1463;
1756 1426 1966 1421 541; 1757 540 1343 1966 1426; 1758 1343 486 1357 1966;
1759 1967 1468 600 1440; 1760 1467 1967 1440 626; 1761 632 1466 1967 1467;
1762 1306 1968 1397 550; 1763 548 1455 1968 1306; 1764 1455 587 1469 1968;
1765 1969 1320 580 1470; 1766 785 1969 1470 581; 1767 536 1325 1969 785;
1768 1970 957 556 1072; 1769 1250 1970 1072 485; 1770 406 1085 1970 1250;
1771 1473 616 1472 1971; 1772 1971 1472 621 1471; 1773 1469 1971 1471 588;
1774 1972 1405 561 1474; 1775 1373 1972 1474 523; 1776 462 1304 1972 1373;
1777 1476 1973 1199 545; 1778 584 1475 1973 1476; 1779 1475 583 1460 1973;
1780 1477 1974 1478 605; 1781 569 1288 1974 1477; 1782 1288 554 1103 1974;
1783 1975 1482 629 1481; 1784 1480 1975 1481 617; 1785 659 1479 1975 1480;
1786 1483 584 1476 1976; 1787 1976 1476 545 1340; 1788 1317 1976 1340 547;
1789 1977 1485 586 1318; 1790 1415 1977 1318 577; 1791 652 1484 1977 1415;
1792 1487 1978 1488 623; 1793 599 1486 1978 1487; 1794 1486 662 1402 1978;
1795 590 1104 1979 1491; 1796 1104 604 1490 1979; 1797 1979 1490 631 1489;
1798 1980 1487 623 1493; 1799 1492 1980 1493 585; 1800 1492 651 1366 1980;
1801 1283 463 1141 1981; 1802 1981 1141 524 1365; 1803 1494 1981 1365 651;
1804 1496 625 1495 1982; 1805 1982 1495 596 735; 1806 1360 1982 735 567;
1807 544 1498 1983 1433; 1808 1498 565 1497 1983; 1809 1983 1497 585 1457;
1810 1371 613 1499 1984; 1811 1984 1499 584 1483; 1812 1485 1984 1483 586;
1813 1985 1432 529 1356; 1814 932 1985 1356 453; 1815 513 1500 1985 932;
1816 1449 1986 1450 591; 1817 606 1442 1986 1449; 1818 1442 570 1436 1986;
1819 1398 572 1339 1987; 1820 1987 1339 565 1498; 1821 1400 1987 1498 544;
1822 1988 1409 578 1501; 1823 1445 1988 1501 612; 1824 581 1470 1988 1445;
1825 1989 1451 607 1333; 1826 1482 1989 1333 629; 1827 619 1448 1989 1482;
1828 608 1503 1990 1468; 1829 1503 573 1502 1990; 1830 1990 1502 562 1351;
1831 1991 1506 633 1505; 1832 1504 1991 1505 625; 1833 661 1331 1991 1504;
1834 1454 563 1438 1992; 1835 1992 1438 574 1508; 1836 1507 1992 1508 609;
1837 1462 538 787 1993; 1838 1993 787 582 1509; 1839 1278 1993 1509 594;
1840 1994 1386 519 1437; 1841 1502 1994 1437 562; 1842 573 1411 1994 1502;
1843 1465 1995 1434 566; 1844 603 1510 1995 1465; 1845 1510 589 1362 1995;
1846 1996 1514 634 1513; 1847 1512 1996 1513 632; 1848 622 1511 1996 1512;
1849 1367 569 1477 1997; 1850 1997 1477 605 1401; 1851 1486 1997 1401 662;
1852 1377 620 1370 1998; 1853 1998 1370 614 1484; 1854 1416 1998 1484 652;
1855 1515 1999 1496 602; 1856 1515 629 1330 1999; 1857 1999 1330 661 1504;
1858 1499 2000 1475 584; 1859 613 1516 2000 1499; 1860 1516 579 1428 2000;
1861 523 1474 2001 1308; 1862 1474 561 1087 2001; 1863 2001 1087 598 1336;
1864 1518 2002 1503 608; 1865 610 1517 2002 1518; 1866 1517 575 1410 2002;
1867 595 1519 2003 1089; 1868 1519 582 1443 2003; 1869 2003 1443 615 1511;
1870 1471 621 1520 2004; 1871 2004 1520 593 1418; 1872 1396 2004 1418 658;
1873 2005 1435 522 1363; 1874 1521 2005 1363 560; 1875 597 1464 2005 1521;
1876 1522 2006 1523 616; 1877 623 1488 2006 1522; 1878 1488 627 1423 2006;
1879 1512 632 1467 2007; 1880 2007 1467 626 1335; 1881 598 1088 2007 1335;
1882 2008 1348 531 1413; 1883 1524 2008 1413 575; 1884 578 1407 2008 1524;
1885 2009 1461 576 1526; 1886 1525 2009 1526 611; 1887 609 1508 2009 1525;
1888 621 1527 2010 1520; 1889 1527 597 1521 2010; 1890 2010 1521 560 1425;
1891 585 1493 2011 1456; 1892 1493 623 1522 2011; 1893 2011 1522 616 1473;
1894 2012 1491 618 1528; 1895 1404 2012 1528 630; 1896 605 1478 2012 1404;
1897 1422 2013 1510 603; 1898 630 1530 2013 1422; 1899 1530 617 1529 2013;
1900 1529 2014 1361 589; 1901 617 1481 2014 1529; 1902 1481 629 1515 2014;
1903 630 1528 2015 1530; 1904 1528 618 1531 2015; 1905 2015 1531 659 1480;
1906 1490 2016 1446 631; 1907 604 1334 2016 1490; 1908 1334 626 1441 2016;
1909 565 1337 2017 1497; 1910 1337 518 1494 2017; 1911 2017 1494 651 1492;
1912 1452 571 1453 2018; 1913 2018 1453 601 1532; 1914 1332 2018 1532 628;
1915 557 1417 2019 1162; 1916 1417 577 1316 2019; 1917 2019 1316 549 1500;
1918 612 1501 2020 1533; 1919 1501 578 1524 2020; 1920 2020 1524 575 1517;
1921 1489 631 1447 2021; 1922 2021 1447 619 1479; 1923 1531 2021 1479 659;
1924 625 1505 2022 1495; 1925 1505 633 1534 2022; 1926 2022 1534 620 1376;
1927 1372 2023 1516 613; 1928 611 1526 2023 1372; 1929 1526 576 1459 2023;
1930 633 1535 2024 1534; 1931 1535 609 1525 2024; 1932 2024 1525 611 1369;
1933 1472 2025 1527 621; 1934 616 1523 2025 1472; 1935 1523 624 1463 2025;
1936 2026 1519 595 1406; 1937 1277 2026 1406 564; 1938 594 1509 2026 1277;
1939 1513 2027 1466 632; 1940 634 1536 2027 1513; 1941 1536 610 1518 2027;
1942 1532 601 1507 2028; 1943 2028 1507 609 1535; 1944 1506 2028 1535 633;
1945 1514 2029 1536 634; 1946 615 1444 2029 1514; 1947 1444 612 1533 2029;
<! STAAD PRO GENERATED DATA DO NOT MODIFY !!!
PARAMETRIC MODEL AUTOMALLADO
TYPE UNDEFINED
MESH PARAM 0.2 4 1
MESH ORG 1 2 3
BOUNDARY 4
61 0 0 62 0 0 63 0 0 64 0 0
DENSITY POINTS 60
-2.70677 0 1.76175 1 -2.58206 0 1.68975 1 -2.45735 0 1.61775 1 -
-2.33265 0 1.54575 1 -2.20794 0 1.47375 1 -2.08323 0 1.40175 1 -
-2.15523 0 1.27704 1 -2.22723 0 1.15233 1 -2.29923 0 1.02762 1 -
-2.37123 0 0.90292 1 -2.44323 0 0.77821 1 -2.56794 0 0.85021 1 -
-2.69265 0 0.92221 1 -2.81735 0 0.99421 1 -2.94206 0 1.06621 1 -
-3.06677 0 1.13821 1 -2.99477 0 1.26292 1 -2.92277 0 1.38762 1 -
-2.85077 0 1.51233 1 -2.77877 0 1.63704 1 2.08323 0 1.40175 1 -
2.20794 0 1.47375 1 2.33265 0 1.54575 1 2.45735 0 1.61775 1 -
2.58206 0 1.68975 1 2.70677 0 1.76175 1 2.77877 0 1.63704 1 -
2.85077 0 1.51233 1 2.92277 0 1.38762 1 2.99477 0 1.26292 1 -
3.06677 0 1.13821 1 2.94206 0 1.06621 1 2.81735 0 0.99421 1 -
2.69265 0 0.92221 1 2.56794 0 0.85021 1 2.44323 0 0.77821 1 -
2.37123 0 0.90292 1 2.29923 0 1.02762 1 2.22723 0 1.15233 1 -
2.15523 0 1.27704 1 -0.36 0 -2.83005 1 -0.216 0 -2.83005 1 -
-0.072 0 -2.83005 1 0.072 0 -2.83005 1 0.216 0 -2.83005 1 0.36 0 -2.83005 1 -
0.36 0 -2.97405 1 0.36 0 -3.11805 1 0.36 0 -3.26205 1 0.36 0 -3.40605 1 -
0.36 0 -3.55005 1 0.216 0 -3.55005 1 0.072 0 -3.55005 1 -0.072 0 -3.55005 1 -
-0.216 0 -3.55005 1 -0.36 0 -3.55005 1 -0.36 0 -3.40605 1 -0.36 0 -3.26205 1 -
-0.36 0 -3.11805 1 -0.36 0 -2.97405 1
DENSITY LINE -2.70677 0 1.76175 1 -2.58206 0 1.68975 1 0
DENSITY LINE -2.58206 0 1.68975 1 -2.45735 0 1.61775 1 0
DENSITY LINE -2.45735 0 1.61775 1 -2.33265 0 1.54575 1 0
DENSITY LINE -2.33265 0 1.54575 1 -2.20794 0 1.47375 1 0
DENSITY LINE -2.20794 0 1.47375 1 -2.08323 0 1.40175 1 0
DENSITY LINE -2.08323 0 1.40175 1 -2.15523 0 1.27704 1 0
DENSITY LINE -2.15523 0 1.27704 1 -2.22723 0 1.15233 1 0
DENSITY LINE -2.22723 0 1.15233 1 -2.29923 0 1.02762 1 0
DENSITY LINE -2.29923 0 1.02762 1 -2.37123 0 0.90292 1 0
DENSITY LINE -2.37123 0 0.90292 1 -2.44323 0 0.77821 1 0
DENSITY LINE -2.44323 0 0.77821 1 -2.56794 0 0.85021 1 0
DENSITY LINE -2.56794 0 0.85021 1 -2.69265 0 0.92221 1 0
DENSITY LINE -2.69265 0 0.92221 1 -2.81735 0 0.99421 1 0
DENSITY LINE -2.81735 0 0.99421 1 -2.94206 0 1.06621 1 0
DENSITY LINE -2.94206 0 1.06621 1 -3.06677 0 1.13821 1 0
DENSITY LINE -3.06677 0 1.13821 1 -2.99477 0 1.26292 1 0
DENSITY LINE -2.99477 0 1.26292 1 -2.92277 0 1.38762 1 0
DENSITY LINE -2.92277 0 1.38762 1 -2.85077 0 1.51233 1 0
DENSITY LINE -2.85077 0 1.51233 1 -2.77877 0 1.63704 1 0
DENSITY LINE -2.77877 0 1.63704 1 -2.70677 0 1.76175 1 0
DENSITY LINE 2.08323 0 1.40175 1 2.20794 0 1.47375 1 0
DENSITY LINE 2.20794 0 1.47375 1 2.33265 0 1.54575 1 0
DENSITY LINE 2.33265 0 1.54575 1 2.45735 0 1.61775 1 0
DENSITY LINE 2.45735 0 1.61775 1 2.58206 0 1.68975 1 0
DENSITY LINE 2.58206 0 1.68975 1 2.70677 0 1.76175 1 0
DENSITY LINE 2.70677 0 1.76175 1 2.77877 0 1.63704 1 0
DENSITY LINE 2.77877 0 1.63704 1 2.85077 0 1.51233 1 0
DENSITY LINE 2.85077 0 1.51233 1 2.92277 0 1.38762 1 0
DENSITY LINE 2.92277 0 1.38762 1 2.99477 0 1.26292 1 0
DENSITY LINE 2.99477 0 1.26292 1 3.06677 0 1.13821 1 0
DENSITY LINE 3.06677 0 1.13821 1 2.94206 0 1.06621 1 0
DENSITY LINE 2.94206 0 1.06621 1 2.81735 0 0.99421 1 0
DENSITY LINE 2.81735 0 0.99421 1 2.69265 0 0.92221 1 0
DENSITY LINE 2.69265 0 0.92221 1 2.56794 0 0.85021 1 0
DENSITY LINE 2.56794 0 0.85021 1 2.44323 0 0.77821 1 0
DENSITY LINE 2.44323 0 0.77821 1 2.37123 0 0.90292 1 0
DENSITY LINE 2.37123 0 0.90292 1 2.29923 0 1.02762 1 0
DENSITY LINE 2.29923 0 1.02762 1 2.22723 0 1.15233 1 0
DENSITY LINE 2.22723 0 1.15233 1 2.15523 0 1.27704 1 0
DENSITY LINE 2.15523 0 1.27704 1 2.08323 0 1.40175 1 0
DENSITY LINE -0.36 0 -2.83005 1 -0.216 0 -2.83005 1 0
DENSITY LINE -0.216 0 -2.83005 1 -0.072 0 -2.83005 1 0
DENSITY LINE -0.072 0 -2.83005 1 0.072 0 -2.83005 1 0
DENSITY LINE 0.072 0 -2.83005 1 0.216 0 -2.83005 1 0
DENSITY LINE 0.216 0 -2.83005 1 0.36 0 -2.83005 1 0
DENSITY LINE 0.36 0 -2.83005 1 0.36 0 -2.97405 1 0
DENSITY LINE 0.36 0 -2.97405 1 0.36 0 -3.11805 1 0
DENSITY LINE 0.36 0 -3.11805 1 0.36 0 -3.26205 1 0
DENSITY LINE 0.36 0 -3.26205 1 0.36 0 -3.40605 1 0
DENSITY LINE 0.36 0 -3.40605 1 0.36 0 -3.55005 1 0
DENSITY LINE 0.36 0 -3.55005 1 0.216 0 -3.55005 1 0
DENSITY LINE 0.216 0 -3.55005 1 0.072 0 -3.55005 1 0
DENSITY LINE 0.072 0 -3.55005 1 -0.072 0 -3.55005 1 0
DENSITY LINE -0.072 0 -3.55005 1 -0.216 0 -3.55005 1 0
DENSITY LINE -0.216 0 -3.55005 1 -0.36 0 -3.55005 1 0
DENSITY LINE -0.36 0 -3.55005 1 -0.36 0 -3.40605 1 0
DENSITY LINE -0.36 0 -3.40605 1 -0.36 0 -3.26205 1 0
DENSITY LINE -0.36 0 -3.26205 1 -0.36 0 -3.11805 1 0
DENSITY LINE -0.36 0 -3.11805 1 -0.36 0 -2.97405 1 0
DENSITY LINE -0.36 0 -2.97405 1 -0.36 0 -2.83005 1 0
GENERATED NODES 65 TO 2030
GENERATED PLATES ALL
END
!> END GENERATED DATA BLOCK
*//////////////////////////////////////////////////////////////
START GROUP DEFINITION
JOINT
_P1 41 TO 60
_P1A 21 TO 40
_P1B 1 TO 20
END GROUP DEFINITION
*//////////////////////////////////////////////////////////////
***** PROPIEDADES *****
*//////////////////////////////////////////////////////////////
ELEMENT PROPERTY
1 TO 1947 THICKNESS 0.4
*//////////////////////////////////////////////////////////////
***** MATERIALES *****
*//////////////////////////////////////////////////////////////
DEFINE MATERIAL START
ISOTROPIC CONCRETE
E 2188197889
POISSON 0.25
DENSITY 2400
ALPHA 5.5e-06
DAMP 0.05
G 875279155.469842
TYPE CONCRETE
STRENGTH FCU 2100000
END DEFINE MATERIAL
*//////////////////////////////////////////////////////////////
***** CONSTANTES *****
*//////////////////////////////////////////////////////////////
CONSTANTS
MATERIAL CONCRETE ALL
*//////////////////////////////////////////////////////////////
***** APOYOS *****
*//////////////////////////////////////////////////////////////
SUPPORTS
1 TO 1947 PLATE MAT DIRECT Y SUBGRADE 263466.7 PRINT COMPRESSION
*//////////////////////////////////////////////////////////////
***** ESTADOS DE CARGA *****
*//////////////////////////////////////////////////////////////
LOAD 1 PP
SELFWEIGHT Y -1 LIST ALL
*******************************************
*//////////////////////////////////////////////////////////////
LOAD 2 RELLENO
ELEMENT LOAD
1 TO 1947 PR GY -2858.45245360825
*******************************************
*//////////////////////////////////////////////////////////////
LOAD 3 1.2D + 1.0W 90°
JOINT LOAD
_P1B FY -2492
_P1A FY 2074
_P1 FY -209
*******************************************
*//////////////////////////////////////////////////////////////
LOAD 4 1.2D + 1.0W 60°
JOINT LOAD
_P1B FY -1497.5
_P1A FY 2367.5
_P1 FY -1497.5
*******************************************
*//////////////////////////////////////////////////////////////
LOAD 5 1.2D + 1.0W Normal
JOINT LOAD
_P1B FY 1198.5
_P1A FY 1198.5
_P1 FY -3024
*******************************************
*//////////////////////////////////////////////////////////////
LOAD 6 1.0D + 1.0W 90°
JOINT LOAD
_P1B FY -1627
_P1A FY 1278.5
_P1 FY -174
*******************************************
*//////////////////////////////////////////////////////////////
LOAD 7 1.0D + 1.0W 60°
JOINT LOAD
_P1B FY -992.5
_P1A FY 1462.5
_P1 FY -992.5
*******************************************
*//////////////////////////////////////////////////////////////
LOAD 8 1.0D + 1.0W Normal
JOINT LOAD
_P1B FY 720
_P1A FY 720
_P1 FY -1963
*******************************************
***** COMBINACIONES ESTRUCTURALES *****
*******************************************
*//////////////////////////////////////////////////////////////
LOAD 9 VIENTO A 90 + RELLENO
REPEAT LOAD
1 1.2 2 1.2 3 1.0
*******************************************
*//////////////////////////////////////////////////////////////
LOAD 10 VIENTO A 60 + RELLENO
REPEAT LOAD
1 1.2 2 1.2 4 1.0
*******************************************
*//////////////////////////////////////////////////////////////
LOAD 11 VIENTO A NORMAL + RELLENO
REPEAT LOAD
1 1.2 2 1.2 5 1.0
*******************************************
***** COMBINACIONES DESPLAZAMIENTOS *****
*******************************************
*//////////////////////////////////////////////////////////////
LOAD 12 VIENTO SERVICIO A 90 + RELLENO
REPEAT LOAD
1 1.0 2 1.0 6 1.0
*******************************************
*//////////////////////////////////////////////////////////////
LOAD 13 VIENTO ASERVICIO  60 + RELLENO
REPEAT LOAD
1 1.0 2 1.0 7 1.0
*******************************************
*//////////////////////////////////////////////////////////////
LOAD 14 VIENTO SERVICIO NORMAL + RELLENO
REPEAT LOAD
1 1.0 2 1.0 8 1.0
*//////////////////////////////////////////////////////////////
PERFORM ANALYSIS PRINT ALL
FINISH
